use,type,which,loga,a,b,n,rsq,minLen,maxLen,reason
yes,WBIC_YEAR,1004600_2005,-13.521979276336,1.34115513227026e-06,3.30765226060574,85,0.968169351723413,406.4,716.28,
yes,WBIC_YEAR,1018500_1995,-13.2839190475388,1.70163832985922e-06,3.27976849724385,166,0.991876490763123,111.76,683.26,
yes,WBIC_YEAR,1019500_1991,-14.2630317556183,6.39210666340145e-07,3.41536452514531,212,0.907076474278579,127,723.9,
yes,WBIC_YEAR,1019500_2009,-12.4625087413104,3.86902221174324e-06,3.13411456694214,135,0.974341434598681,289.56,650.24,
yes,WBIC_YEAR,1427400_1993,-13.0895213330785,2.06677459392398e-06,3.26274400446629,319,0.968902562255597,254,767.08,
yes,WBIC_YEAR,1490300_1996,-12.2124142221976,4.96839244346055e-06,3.10036466027451,173,0.981855390788407,152.4,690.88,
yes,WBIC_YEAR,1515400_1995,-12.5741050616126,3.46047373162368e-06,3.18240738814256,217,0.978752869045445,160.02,728.98,
NO,WBIC_YEAR,1517200_2000,-7.50737139042049,0.0005490223590481,2.31477162053881,20,0.817717022708076,248.92,431.8,n< 25
yes,WBIC_YEAR,1519600_1991,-12.2637421259608,4.71980946880215e-06,3.11346900615168,69,0.96287703765101,292.1,662.94,
yes,WBIC_YEAR,1523600_1990,-11.8107311045597,7.42445627762407e-06,3.04053716648063,161,0.938222285828898,233.68,688.34,
yes,WBIC_YEAR,1523600_1996,-13.3071188498379,1.66261507321909e-06,3.2646457717709,381,0.960610597395885,187.96,706.12,
NO,WBIC_YEAR,1523600_2000,-13.233216892073,1.79013970786082e-06,3.24618762202513,12,0.982036830142807,264.16,657.86,n< 25
NO,WBIC_YEAR,1523600_2003,8.25726635400846,3855.54,NA,2,0,736.6,736.6,n< 25
yes,WBIC_YEAR,1527800_1999,-13.5792412925433,1.26651529303094e-06,3.33123020155645,66,0.989963929337308,223.52,716.28,
yes,WBIC_YEAR,1528300_1988,-11.2898645923225,1.24989665593908e-05,2.96648952596988,194,0.966570263641079,287.02,703.58,
yes,WBIC_YEAR,1528300_1994,-13.3953321925575,1.5222330451221e-06,3.2947335557066,345,0.976580049633775,226.06,749.3,
yes,WBIC_YEAR,1528700_2010,-12.333845622897,4.40026574225398e-06,3.13536344943795,161,0.988752039710853,165.1,678.18,
NO,WBIC_YEAR,1536300_1992,-7.7401546457548,0.000435004298308781,2.35484676332518,71,0.713000672734733,254,586.74,r^2< 0.85
yes,WBIC_YEAR,1537800_1998,-13.5693737239093,1.2790745825296e-06,3.33441270437945,100,0.9861192378679,243.84,695.96,
yes,WBIC_YEAR,1542300_1992,-14.2833872179116,6.26330770563855e-07,3.44296913085808,141,0.966773105691499,248.92,825.5,
yes,WBIC_YEAR,1542300_1998,-12.9047102617554,2.48631152307418e-06,3.22311860075651,190,0.979713912169793,271.78,736.6,
yes,WBIC_YEAR,1542400_1992,-14.4147034070179,5.49254788746982e-07,3.45766101754452,182,0.964661084573463,236.22,769.62,
yes,WBIC_YEAR,1542400_1998,-13.6646144873695,1.16287579481158e-06,3.33612842000242,241,0.979365181493188,251.46,772.16,
yes,WBIC_YEAR,1542600_1992,-12.7705171126604,2.84337988609957e-06,3.20446178374198,59,0.961219024170264,317.5,726.44,
yes,WBIC_YEAR,1545300_1990,-14.1731607929684,6.99317629063484e-07,3.44213484116151,172,0.914994418110044,241.3,706.12,
yes,WBIC_YEAR,1545300_1996,-13.3387232183565,1.61089083494898e-06,3.29633702214459,377,0.972531805444922,129.54,716.28,
yes,WBIC_YEAR,1545600_1993,-13.2448555454164,1.76942566795326e-06,3.27060620973211,325,0.973526451130049,177.8,762,
yes,WBIC_YEAR,1545600_1998,-14.1369618568652,7.25095942136904e-07,3.41558895344374,344,0.974876918542951,200.66,693.42,
NO,WBIC_YEAR,1545600_2011,6.11719370631515,453.59,NA,2,0,327.66,327.66,n< 25
yes,WBIC_YEAR,1564200_1992,-15.1748859961871,2.56821127533746e-07,3.57741256920916,178,0.951179588456614,284.48,693.42,
yes,WBIC_YEAR,1569600_1995,-12.5699559767876,3.47486135777154e-06,3.17071413694443,211,0.98892523769883,114.3,655.32,
yes,WBIC_YEAR,1569600_1999,-13.4736250943035,1.40759906703673e-06,3.32587244072988,119,0.985892667481649,193.04,718.82,
yes,WBIC_YEAR,1569900_1995,-12.8020733177585,2.75505454293026e-06,3.21416159044892,153,0.972325831239917,327.66,723.9,
yes,WBIC_YEAR,1569900_1999,-12.1145273998737,5.47933179381841e-06,3.10577590832554,97,0.955827717208941,363.22,701.04,
yes,WBIC_YEAR,1579700_1991,-11.901398570967,6.78091458228497e-06,3.07074376412922,227,0.956502139169542,297.18,657.86,
yes,WBIC_YEAR,1579900_1990,-11.7460111494973,7.9208570112788e-06,3.05121176471291,114,0.975438845944859,266.7,647.7,
yes,WBIC_YEAR,1588200_1988,-15.1515661447242,2.62880535732437e-07,3.5793266619917,141,0.943503840169713,325.12,762,
yes,WBIC_YEAR,1588200_1992,-13.6691488546293,1.15761482547792e-06,3.34767871926854,247,0.973345432831427,289.56,769.62,
yes,WBIC_YEAR,1588200_1998,-12.4863154645203,3.77800122544979e-06,3.14869957763508,211,0.924103894543857,271.78,756.92,
yes,WBIC_YEAR,1589100_1988,-12.0436773302767,5.88162584350395e-06,3.06758517828856,126,0.967637144304246,223.52,591.82,
yes,WBIC_YEAR,1589300_1994,-13.5246709161066,1.33755007970564e-06,3.33170993305049,121,0.985896290314505,276.86,736.6,
yes,WBIC_YEAR,1589300_2009,-12.9206729620611,2.44693836437644e-06,3.22608427147834,109,0.977775224671346,330.2,736.6,
yes,WBIC_YEAR,1589600_1988,-12.6522591325764,3.2003219860613e-06,3.18572002114972,85,0.906047611697344,304.8,741.68,
yes,WBIC_YEAR,1589600_1998,-11.5846929024517,9.30747327585925e-06,3.01513787803379,99,0.983940688777215,236.22,680.72,
yes,WBIC_YEAR,1590400_2008,-13.2872495654833,1.69598041998174e-06,3.27436991914852,110,0.977976038512519,226.06,698.5,
yes,WBIC_YEAR,1591100_1994,-12.6563134127782,3.18737325063114e-06,3.18157087814393,433,0.984483849417304,137.16,789.94,
yes,WBIC_YEAR,1592400_1990,-14.8238975265589,3.64806950304145e-07,3.52365539049109,181,0.941729167409249,276.86,703.58,
yes,WBIC_YEAR,1592400_1995,-12.8703765895454,2.57315807741746e-06,3.20082973645011,393,0.988692450009635,119.38,716.28,
yes,WBIC_YEAR,1593100_1993,-13.3515781277855,1.59031550947486e-06,3.28456519387109,377,0.955560487674621,208.28,698.5,
yes,WBIC_YEAR,1593100_1997,-14.2631456426203,6.39137872698949e-07,3.42963855372703,227,0.956530382603322,220.98,701.04,
yes,WBIC_YEAR,1593400_1998,-12.9398080654864,2.40056107787244e-06,3.22494379679373,128,0.980868234913862,317.5,721.36,
yes,WBIC_YEAR,1593800_1998,-12.7669395189159,2.8535705623738e-06,3.19498197780495,116,0.988352803112098,317.5,693.42,
yes,WBIC_YEAR,1595300_1990,-13.3538289259838,1.58674005551345e-06,3.30574896507586,177,0.959696487408148,281.94,698.5,
yes,WBIC_YEAR,1595300_1998,-12.4636464786177,3.8646227840014e-06,3.15394401373101,348,0.977401463453325,157.48,736.6,
yes,WBIC_YEAR,1595800_1998,-12.6158161847565,3.31910236109825e-06,3.17883649669984,176,0.978943790689144,256.54,706.12,
yes,WBIC_YEAR,1596300_1992,-12.593149570868,3.39519428811979e-06,3.1775784674828,125,0.955275890006403,297.18,759.46,
yes,WBIC_YEAR,1596300_1997,-13.2137488685798,1.82533163691745e-06,3.27041194319877,291,0.98309715755597,190.5,795.02,
yes,WBIC_YEAR,1596900_1990,-14.4360413035045,5.3765900173716e-07,3.47167837084367,167,0.975362970732349,254,815.34,
yes,WBIC_YEAR,1596900_1997,-13.7958805450342,1.01982394854154e-06,3.36229207579705,170,0.988761916684889,236.22,736.6,
yes,WBIC_YEAR,1597000_1990,-16.5830023259199,6.28193728657915e-08,3.81146747895346,181,0.954080019731399,274.32,749.3,
yes,WBIC_YEAR,1597000_1997,-12.9766444609263,2.3137419299604e-06,3.2387027798281,227,0.980184043401965,236.22,713.74,
yes,WBIC_YEAR,1597600_1997,-11.7866640925017,7.60530831105853e-06,3.04279681935012,27,0.990138832070689,259.08,612.14,
yes,WBIC_YEAR,1598000_1990,-13.5091389771027,1.35848700054484e-06,3.33118651898637,187,0.975650302866713,299.72,718.82,
yes,WBIC_YEAR,1598000_1997,-13.1918700329701,1.86570784938642e-06,3.26778302948274,126,0.972263882867686,248.92,721.36,
yes,WBIC_YEAR,1598900_2004,-11.8317155598307,7.2702814023418e-06,3.03594939014312,79,0.934704226984957,233.68,556.26,
yes,WBIC_YEAR,1599600_1993,-16.6099156696714,6.11512416720272e-08,3.81256423149857,107,0.944648860440913,233.68,680.72,
NO,WBIC_YEAR,1599900_1993,-20.2834810742016,1.55237305403516e-09,4.45232230034129,14,0.879616293741946,254,424.18,n< 25
NO,WBIC_YEAR,1600100_1993,-18.1341077822333,1.33185533880429e-08,4.09233805609376,9,0.965584660743646,264.16,429.26,n< 25
NO,WBIC_YEAR,1600100_2000,3.32323125070091,27.7498726419022,0.382766611680072,4,0.0144263838390712,254,309.88,n< 25
yes,WBIC_YEAR,1600200_1993,-15.5273053403118,1.80541469017459e-07,3.62814531182919,154,0.904038673262734,190.5,645.16,
NO,WBIC_YEAR,1600200_2000,-9.52387511047814,7.30858989616172e-05,2.6153860045853,14,0.509539732864108,259.08,347.98,n< 25
NO,WBIC_YEAR,1600300_1993,-13.356908119372,1.58186169059481e-06,3.28544558330034,21,0.900229778644141,266.7,589.28,n< 25
NO,WBIC_YEAR,1600300_2000,-12.9725466567197,2.3232426441126e-06,3.22338353453843,11,0.854938473896033,269.24,508,n< 25
yes,WBIC_YEAR,1602300_1991,-15.9303245661092,1.20655728449132e-07,3.69737114473894,258,0.969722339672047,116.84,772.16,
yes,WBIC_YEAR,1602600_1994,-16.2967409346296,8.36402532419266e-08,3.75539970268748,230,0.9660518587403,281.94,805.18,
yes,WBIC_YEAR,1603400_1993,-14.3343954016963,5.95183901088124e-07,3.44919244475155,73,0.928783897801429,248.92,721.36,
yes,WBIC_YEAR,1603700_1993,-14.2160368527162,6.69967352931736e-07,3.43317789562619,190,0.871148182506163,198.12,731.52,
NO,WBIC_YEAR,1603700_2000,-2.08512806110038,0.124291202278438,1.32450799325766,9,0.324404449762139,259.08,355.6,n< 25
yes,WBIC_YEAR,1603800_1993,-11.6110052148955,9.06576601454648e-06,3.01949972794218,209,0.915364762836506,246.38,688.34,
NO,WBIC_YEAR,1603800_2000,5.8940446434004,362.87,NA,2,0,347.98,347.98,n< 25
yes,WBIC_YEAR,1605200_1997,-13.0933064011999,2.05896649770448e-06,3.24927426800561,82,0.987725719416079,254,708.66,
yes,WBIC_YEAR,1605800_1992,-12.4522923527211,3.9087522493034e-06,3.15581254299603,206,0.965350875160427,276.86,746.76,
yes,WBIC_YEAR,1605800_1997,-12.3717352155032,4.23666050625218e-06,3.13782291016413,163,0.983954582010671,246.38,736.6,
yes,WBIC_YEAR,1609000_1994,-13.401269317856,1.51322213272679e-06,3.31645832960725,139,0.949484281220854,223.52,716.28,
yes,WBIC_YEAR,1609100_1994,-12.7344061811745,2.94793338321272e-06,3.19799595477722,244,0.92864239203938,226.06,665.48,
yes,WBIC_YEAR,1610500_1994,-12.2328681198212,4.86780169640963e-06,3.11244613313126,55,0.943802982102878,220.98,576.58,
yes,WBIC_YEAR,1610600_1994,-13.9540945325684,8.70590140737048e-07,3.39840388708464,190,0.981023636603352,220.98,695.96,
NO,WBIC_YEAR,1610600_2007,-12.8020085402863,2.75523301417975e-06,3.20636711467453,24,0.988144337219253,233.68,678.18,n< 25
yes,WBIC_YEAR,1610700_1994,-14.0844783568675,7.64167862295267e-07,3.41860776365099,249,0.970129727486731,170.18,721.36,
yes,WBIC_YEAR,1610700_2007,-12.9075750077285,2.4791990647081e-06,3.21914268760791,224,0.982634783088547,200.66,728.98,
yes,WBIC_YEAR,1610800_1994,-12.1724276689872,5.17108685058555e-06,3.10527832697373,26,0.98637263710132,231.14,736.6,
yes,WBIC_YEAR,1610800_2007,-12.474851735698,3.82156040526737e-06,3.15363837623761,44,0.98820638206274,198.12,629.92,
NO,WBIC_YEAR,1611700_1994,-19.5949564892469,3.09042724301473e-09,4.34322044978236,2,1,317.5,436.88,n< 25
yes,WBIC_YEAR,1611700_2007,-12.7558485446251,2.88539559921908e-06,3.1989398141013,43,0.967438130381348,198.12,711.2,
yes,WBIC_YEAR,1611800_1994,-13.2627463923578,1.73805064390849e-06,3.27770971107105,113,0.960440140167993,195.58,675.64,
yes,WBIC_YEAR,1612200_1994,-14.2658945642238,6.37383345426895e-07,3.44585365297496,175,0.96885563302498,175.26,751.84,
yes,WBIC_YEAR,1612200_2007,-13.3635436786969,1.57139990179971e-06,3.29600106607422,31,0.991932399770251,198.12,678.18,
yes,WBIC_YEAR,1612900_1994,-12.9604110139229,2.35160845753383e-06,3.23114360080184,175,0.963946358115336,185.42,744.22,
yes,WBIC_YEAR,1613000_1994,-13.2641894010603,1.73554443038278e-06,3.2844641282458,362,0.958938039389366,190.5,703.58,
yes,WBIC_YEAR,1618100_2006,-12.5822489506352,3.4324064610812e-06,3.16820723708475,230,0.985712774621109,248.92,726.44,
NO,WBIC_YEAR,1629500_1992,-16.0526385313253,1.06764695523863e-07,3.72727783215758,220,0.825399316234007,269.24,563.88,r^2< 0.85
yes,WBIC_YEAR,1630100_1999,-14.4123131170686,5.50569237278822e-07,3.47479237840382,209,0.982462560814265,322.58,815.34,
yes,WBIC_YEAR,1631900_1990,-14.2781374008309,6.29627538684381e-07,3.44480339354982,187,0.970024710359149,271.78,650.24,
yes,WBIC_YEAR,181400_1999,-14.3694011946347,5.74709469293823e-07,3.45490164714284,50,0.990579316452311,223.52,678.18,
NO,WBIC_YEAR,1835300_1991,-14.7363167309394,3.98197895270446e-07,3.48813239774717,787,0.693516815104495,213.36,767.08,r^2< 0.85
yes,WBIC_YEAR,1835300_1996,-12.7077607161902,3.02753828397546e-06,3.17779116709862,398,0.959619755127437,116.84,731.52,
NO,WBIC_YEAR,1880700_2008,-12.3642663681345,4.26842193992911e-06,3.10265846974945,24,0.88213296041535,266.7,373.38,n< 25
NO,WBIC_YEAR,1880700_2009,-14.3368617814253,5.93717760352579e-07,3.45614173580485,18,0.988883751841007,233.68,500.38,n< 25
NO,WBIC_YEAR,1880700_2010,-14.1513646050575,7.1472741474754e-07,3.40463815786419,29,0.832655979809441,233.68,447.04,r^2< 0.85
yes,WBIC_YEAR,1880700_2011,-13.2042284548409,1.84279253491287e-06,3.26123299693278,77,0.961521498781845,195.58,594.36,
yes,WBIC_YEAR,1880700_2012,-10.354198097749,3.18587624457005e-05,2.76632788194106,25,0.853331824684235,269.24,406.4,
yes,WBIC_YEAR,1880700_2013,-11.8699998157497,6.99720471038058e-06,3.02139679080902,103,0.978931046786777,119.38,502.92,
yes,WBIC_YEAR,1880700_2014,-13.4117302073913,1.4974749913081e-06,3.29861450085481,110,0.868880458460622,236.22,528.32,
yes,WBIC_YEAR,1880700_2015,-13.464949697102,1.41986367127836e-06,3.31094029095212,70,0.885112209659818,276.86,520.7,
yes,WBIC_YEAR,1881100_2009,-10.9818006921037,1.70084429665595e-05,2.90520445948716,101,0.972952216897839,256.54,675.64,
NO,WBIC_YEAR,1881900_1996,-12.5521078299624,3.53743797059651e-06,3.18916899458007,76,0.796387979155309,467.36,754.38,r^2< 0.85
yes,WBIC_YEAR,1881900_2006,-12.9518910867836,2.37172958380261e-06,3.22844099338907,237,0.870847550914253,177.038,749.3,
yes,WBIC_YEAR,2079000_2008,-13.3216359912715,1.63865300623638e-06,3.30166987315284,51,0.933941223757289,292.1,627.38,
yes,WBIC_YEAR,2079800_2011,-13.3622997556262,1.57335581864367e-06,3.29398125661105,106,0.969816858444987,337.82,746.76,
yes,WBIC_YEAR,2081200_1989,-12.8917130733753,2.51883749754517e-06,3.23196071599411,313,0.978354604711843,109.22,731.52,
yes,WBIC_YEAR,2081200_1993,-13.9501924147562,8.73993922692407e-07,3.40087183747631,211,0.976528317821692,248.92,762,
yes,WBIC_YEAR,2081200_2013,-11.6413477172074,8.79481937513486e-06,3.00715553152377,120,0.973747385265539,187.96,670.56,
NO,WBIC_YEAR,2094100_2012,-10.6613531774972,2.34332834278513e-05,2.88337830730929,6,0.990242619879939,289.56,660.4,n< 25
yes,WBIC_YEAR,2098000_2010,-13.1240685696132,1.99659252161071e-06,3.26424034400838,68,0.98887845962552,312.42,741.68,
yes,WBIC_YEAR,2100300_2009,-11.85599962103,7.09585589537716e-06,3.06067603464077,188,0.976648031621012,274.32,635,
yes,WBIC_YEAR,2100800_2005,-11.8537761598671,7.11165080855914e-06,3.0447893601821,141,0.945913375479477,284.48,713.74,
yes,WBIC_YEAR,2103200_2010,-12.3663465091183,4.25955224881787e-06,3.13640693399631,196,0.976219495814883,264.16,731.52,
yes,WBIC_YEAR,2105100_1996,-11.9728896344583,6.31306265128323e-06,3.06065248324039,309,0.980881258137654,116.84,762,
NO,WBIC_YEAR,2105100_2000,-12.0684951049323,5.73745339817922e-06,3.07252154792844,16,0.928303021830452,386.08,535.94,n< 25
yes,WBIC_YEAR,2105100_2014,-12.7783865420932,2.82109192054173e-06,3.20282721492765,182,0.979166919709241,200.66,754.38,
yes,WBIC_YEAR,2106800_1978,-12.9686450829178,2.33232465229024e-06,3.23381126999723,200,0.986138639122881,177.8,774.7,
yes,WBIC_YEAR,2106800_1994,-12.9273326065612,2.43069676641763e-06,3.22668341900922,332,0.953734475551856,287.02,762,
yes,WBIC_YEAR,2109600_2010,-12.8792116993853,2.55052407733896e-06,3.22593524395669,145,0.943704485495843,287.02,731.52,
yes,WBIC_YEAR,2109600_2016,-11.6293064474825,8.90136032426757e-06,3.01252916058604,331,0.969708307358268,149.86,718.82,
yes,WBIC_YEAR,2109800_2010,-14.0886406181334,7.60993806209178e-07,3.39138882161153,79,0.948480233257318,284.48,731.52,
yes,WBIC_YEAR,2109800_2016,-13.8602470723906,9.56249406565844e-07,3.38730713970197,86,0.939848207775989,337.82,665.48,
yes,WBIC_YEAR,2112800_2016,-12.0782715271293,5.68163492847217e-06,3.08987403173925,124,0.966965494318582,317.5,660.4,
yes,WBIC_YEAR,2113300_1997,-11.2547059753642,1.29462294372178e-05,2.96015322975312,128,0.982337168107392,139.7,728.98,
yes,WBIC_YEAR,2128100_2012,-13.1840532086076,1.88034890870079e-06,3.28002704691739,169,0.973585641198055,170.18,739.14,
yes,WBIC_YEAR,2133200_2013,-12.5952219627111,3.38816540099133e-06,3.17715125292168,217,0.956660271817293,243.84,749.3,
yes,WBIC_YEAR,2152800_1996,-12.893205408579,2.51508135108708e-06,3.21795261193479,210,0.9621072815521,213.36,688.34,
yes,WBIC_YEAR,2152800_2006,-12.9195020162601,2.44980527475033e-06,3.23409531607718,336,0.97760235995264,177.8,718.82,
yes,WBIC_YEAR,2152800_2011,-12.3773360675888,4.21299792458641e-06,3.12465218096687,554,0.917818078503398,134.62,690.88,
yes,WBIC_YEAR,2152800_2015,-12.2951134993398,4.57404099705496e-06,3.11177103353927,340,0.963810892062649,119.38,721.36,
NO,WBIC_YEAR,2169200_2012,-14.0934985123269,7.5730594369218e-07,3.39356772762286,76,0.762487948784122,452.12,698.5,r^2< 0.85
yes,WBIC_YEAR,2242500_1994,-14.0312431466315,8.05950793435606e-07,3.3964596398117,292,0.932451352647991,213.36,762,
NO,WBIC_YEAR,2242500_2000,-7.8767451274222,0.000379466162900163,2.38264636205127,14,0.726083277149447,246.38,368.3,n< 25
yes,WBIC_YEAR,2267800_1988,-13.3710847563007,1.55959442215874e-06,3.30846119691706,79,0.978697654295405,162.56,688.34,
yes,WBIC_YEAR,2267800_1991,-14.6082888434526,4.52585634837209e-07,3.49592969731409,265,0.952710844237979,231.14,693.42,
yes,WBIC_YEAR,2267800_1998,-11.6741315436505,8.51116656035904e-06,3.00498007127732,140,0.943065733534687,241.3,566.42,
yes,WBIC_YEAR,2268300_1988,-12.6306198026967,3.27032953567543e-06,3.17849077952816,240,0.967870015283693,172.72,680.72,
yes,WBIC_YEAR,2268300_1991,-13.925613537458,8.95741887500686e-07,3.39026745334292,422,0.942880332415642,129.54,744.22,
yes,WBIC_YEAR,2268300_1998,-11.7763853470382,7.68388447976394e-06,3.03098666677441,30,0.906089140221624,226.06,490.22,
yes,WBIC_YEAR,2268500_1991,-13.9765793286741,8.51233529160172e-07,3.39878186145202,227,0.968876855414252,259.08,749.3,
NO,WBIC_YEAR,2268500_1998,-11.4230821476449,1.09400285898183e-05,2.97491847135255,14,0.966653613930517,292.1,533.4,n< 25
yes,WBIC_YEAR,2268600_1991,-12.290266137071,4.59626685567439e-06,3.11903069913405,98,0.968306741230889,154.94,703.58,
NO,WBIC_YEAR,2268600_1998,-11.8619504969036,7.05375473137143e-06,3.03760142710752,8,0.959420932319572,256.54,439.42,n< 25
yes,WBIC_YEAR,2272600_1991,-15.2122914807686,2.47392057652184e-07,3.58707976565963,359,0.943222492843794,269.24,693.42,
yes,WBIC_YEAR,2272600_1996,-12.5781725304911,3.44642694920702e-06,3.15917722773751,278,0.959746466896716,198.12,652.78,
yes,WBIC_YEAR,2275100_1995,-13.4749991009154,1.40566634470231e-06,3.31562866589626,165,0.979558705993013,259.08,744.22,
yes,WBIC_YEAR,2283300_1990,-12.8054738640593,2.74570176368807e-06,3.20066252639197,542,0.978740649861172,132.08,728.98,
yes,WBIC_YEAR,2283300_1996,-11.9843027613542,6.24142047444104e-06,3.06575819717846,529,0.90356180912468,152.4,685.8,
NO,WBIC_YEAR,2283300_1998,-16.6222960484901,6.03988332956071e-08,3.80766515481397,206,0.592538730509794,208.28,637.54,r^2< 0.85
NO,WBIC_YEAR,2287200_1990,4.59880165738949,99.3651707498814,0.20871048361178,60,0.111278351926041,304.8,640.08,r^2< 0.85
NO,WBIC_YEAR,2288900_1990,5.04955091310127,155.952412572563,0.130058121451461,106,0.0353222292299847,302.26,655.32,r^2< 0.85
NO,WBIC_YEAR,2290100_1990,4.83788517018211,126.202173192176,0.158378993630527,12,0.035712509746101,317.5,525.78,n< 25
NO,WBIC_YEAR,2290500_1990,4.27426461331299,71.8272990435457,0.263905820876745,34,0.199078580378281,307.34,617.22,r^2< 0.85
yes,WBIC_YEAR,2294900_1989,-12.1913738252149,5.07403689609202e-06,3.10897296058975,452,0.945240501196055,210.82,746.76,
yes,WBIC_YEAR,2294900_1992,-10.6108222904278,2.46478152945464e-05,2.81637519444048,2212,0.87203239525723,109.22,685.8,
yes,WBIC_YEAR,2294900_1997,-13.5774437588477,1.26879394430881e-06,3.32115719561259,1357,0.93591026000106,187.96,739.14,
yes,WBIC_YEAR,2295200_1989,-12.6377972028588,3.24694110639853e-06,3.18149350836068,187,0.953314016631472,266.7,673.1,
yes,WBIC_YEAR,2295200_1992,-11.8640402838907,7.03902927841215e-06,3.03566310333525,201,0.966676783108614,109.22,703.58,
yes,WBIC_YEAR,2295200_1997,-14.2833086159944,6.26380003298099e-07,3.44329350424508,119,0.970693658092785,246.38,736.6,
yes,WBIC_YEAR,2303500_1996,-10.0919438406808,4.14118353205236e-05,2.75091304232669,154,0.966621766886149,96.52,614.68,
NO,WBIC_YEAR,2303500_2001,8.26896001121111,3900.89,NA,2,0,723.9,723.9,n< 25
yes,WBIC_YEAR,2306300_1998,-12.9479260703435,2.38115219866045e-06,3.21371739646733,55,0.930154201961261,238.76,584.2,
yes,WBIC_YEAR,2310200_1991,-13.8377868818599,9.77969961241838e-07,3.34662271053633,158,0.936478924886693,147.32,647.7,
yes,WBIC_YEAR,2310400_1991,-13.9560497336874,8.68889624886615e-07,3.38255609211524,284,0.984257170821,119.38,711.2,
NO,WBIC_YEAR,2311100_1990,-19.0247355212997,5.46590832578672e-09,4.22163009759739,29,0.953189002754955,269.24,551.18,b far from 3
yes,WBIC_YEAR,2311100_1997,-13.0670979063512,2.11364226571638e-06,3.23609408358113,364,0.96106204698919,193.04,708.66,
yes,WBIC_YEAR,2311700_1991,-12.7424611585862,2.92428322501832e-06,3.16439481667294,123,0.962436849593647,114.3,660.4,
yes,WBIC_YEAR,2327500_1993,-14.9715858853372,3.14718928999741e-07,3.55403436487345,252,0.911469604595933,256.54,640.08,
yes,WBIC_YEAR,2327500_1999,-13.3003698638956,1.67387398937326e-06,3.2771274688235,143,0.986330289826206,233.68,731.52,
yes,WBIC_YEAR,2328700_1994,-13.088782140363,2.06830290343632e-06,3.23637108910163,204,0.962235102533605,127,746.76,
yes,WBIC_YEAR,2328700_1997,-12.7441068285712,2.91947477753145e-06,3.19147070785258,142,0.966208279116275,185.42,721.36,
NO,WBIC_YEAR,2328800_1993,-14.0480558951678,7.92513818171988e-07,3.40197023612952,8,0.875247792669031,254,513.08,n< 25
yes,WBIC_YEAR,2328800_1999,-12.9281651562017,2.42867393287005e-06,3.21270253599042,25,0.983343810059148,279.4,670.56,
NO,WBIC_YEAR,2328900_1993,-13.7905402381195,1.02528468946409e-06,3.37416150031563,17,0.965177562750809,233.68,652.78,n< 25
yes,WBIC_YEAR,2329000_1993,-14.880318136942,3.44794194035786e-07,3.5370009777962,291,0.921194419835375,259.08,688.34,
yes,WBIC_YEAR,2329000_1999,-13.5278861070776,1.33325650679326e-06,3.31663242295835,329,0.968865292977586,172.72,726.44,
yes,WBIC_YEAR,2329300_1993,-12.7689777229004,2.84776032671782e-06,3.19670932652928,133,0.923000861205719,228.6,713.74,
yes,WBIC_YEAR,2329300_1999,-14.50994667974,4.99355944556081e-07,3.46674502890781,114,0.961214471109217,213.36,734.06,
yes,WBIC_YEAR,2329400_1993,-13.3332756297201,1.61969025159601e-06,3.28275576935573,105,0.946489415999931,208.28,762,
NO,WBIC_YEAR,2329400_1999,-24.8734996336703,1.5760731246741e-11,5.16617736949555,73,0.939958519435664,243.84,609.6,b far from 3
NO,WBIC_YEAR,2329600_1993,-10.8848611203614,1.87397968743551e-05,2.89880684620119,2,1,431.8,469.9,n< 25
yes,WBIC_YEAR,2329600_1999,-17.4873993446212,2.5428395745428e-08,3.9405058316159,41,0.978084405193561,309.88,703.58,
NO,WBIC_YEAR,2329800_1993,-10.2527060091332,3.52619524658881e-05,2.76570746805914,12,0.819820008469493,312.42,546.1,n< 25
yes,WBIC_YEAR,2329800_1999,-12.9780050896518,2.31059592698349e-06,3.22764172460319,58,0.893994394669804,172.72,741.68,
yes,WBIC_YEAR,2331600_1988,-15.2748544342692,2.32388700452062e-07,3.59834739596165,256,0.980669491551692,276.86,817.88,
yes,WBIC_YEAR,2331600_1994,-13.2190058474147,1.81576108527001e-06,3.26985340031428,310,0.982513599935076,180.34,716.28,
yes,WBIC_YEAR,2332400_1995,-13.239066996687,1.77969777627245e-06,3.2651642418183,129,0.951542441442792,325.12,728.98,
yes,WBIC_YEAR,2334300_1993,-15.9061808068455,1.23604262429053e-07,3.67391999530696,40,0.882807355952061,205.74,629.92,
NO,WBIC_YEAR,2334300_1999,-22.6364657217326,1.47607303728263e-10,4.78182705520569,41,0.939323227717962,236.22,650.24,b far from 3
yes,WBIC_YEAR,2334400_1993,-14.3182840061284,6.04850808934312e-07,3.42813301163155,295,0.885637633748842,238.76,759.46,
yes,WBIC_YEAR,2334400_1999,-13.6245246115758,1.21044244087393e-06,3.34337068916077,231,0.971484647987198,175.26,784.86,
yes,WBIC_YEAR,2334700_1990,-12.9593050338865,2.35421072830575e-06,3.23742232876109,130,0.977353179825947,256.54,736.6,
yes,WBIC_YEAR,2334700_1995,-13.0818729496932,2.08264268365224e-06,3.2371847909887,366,0.987092114471367,132.08,787.4,
yes,WBIC_YEAR,2338300_1995,-12.6454322827191,3.22224485066316e-06,3.16365407204775,350,0.979630986972188,96.52,609.6,
yes,WBIC_YEAR,2338300_1999,-10.2700224877207,3.46565960683998e-05,2.78660637981004,156,0.877016439473879,233.68,688.34,
yes,WBIC_YEAR,2339100_1992,-14.1519151077202,7.14334063682945e-07,3.40669167377971,235,0.960649423098079,284.48,762,
NO,WBIC_YEAR,2339100_2016,8.34855676460069,4224.08,NA,2,0,711.2,711.2,n< 25
yes,WBIC_YEAR,2339800_1995,-8.98703563566762,0.000125020149748169,2.58393221516192,117,0.87075830276748,381,736.6,
yes,WBIC_YEAR,2339900_2013,-11.0691265806003,1.55861699186034e-05,2.87805342843542,81,0.99498918523951,91.44,259.08,
yes,WBIC_YEAR,2340500_1991,-16.4006391693794,7.53863834281645e-08,3.78141345927459,102,0.967180768051227,248.92,683.26,
yes,WBIC_YEAR,2340700_1991,-15.7510312873995,1.44349082433186e-07,3.66595763018403,246,0.95278106375296,248.92,685.8,
yes,WBIC_YEAR,2340900_1991,-14.2235886258625,6.64926967345329e-07,3.41844212597771,56,0.94107275065811,302.26,660.4,
yes,WBIC_YEAR,2343200_1993,-14.450954990668,5.2970001998451e-07,3.47250325471591,128,0.926839858627904,218.44,622.3,
yes,WBIC_YEAR,2344000_1993,-14.3618202147298,5.79082886680914e-07,3.4476220571364,112,0.985573307331227,271.78,721.36,
yes,WBIC_YEAR,2351400_1995,-11.3558351796034,1.1701012521528e-05,2.93355626813412,649,0.920933194163554,132.08,642.62,
NO,WBIC_YEAR,2351400_2000,-15.6966873360611,1.52410646675105e-07,3.65403810880536,146,0.547526098519454,251.46,495.3,r^2< 0.85
yes,WBIC_YEAR,2351400_2008,-12.5818779097112,3.43368026064726e-06,3.15300361078661,306,0.974592641733008,152.4,670.56,
yes,WBIC_YEAR,2351400_2012,-13.5189828011335,1.3451798974098e-06,3.3157840247856,466,0.895577135717074,243.84,601.98,
yes,WBIC_YEAR,2351400_2016,-13.6519585832604,1.17768656350717e-06,3.34042735698401,302,0.943480302639541,259.08,728.98,
yes,WBIC_YEAR,2353600_2002,-10.4684480273638,2.84191305867122e-05,2.83168099029631,173,0.975457285074098,190.5,734.06,
yes,WBIC_YEAR,2390800_1988,-10.5541294199099,2.60855400063043e-05,2.85532374201909,514,0.864441464979742,330.2,703.58,
NO,WBIC_YEAR,2390800_1991,-12.0905061053482,5.61254602015039e-06,3.08855518013595,284,0.820818328303478,363.22,711.2,r^2< 0.85
NO,WBIC_YEAR,2390800_2001,-12.4158990982631,4.05362466429184e-06,3.13536738552723,4,0.988081648933081,391.16,652.78,n< 25
yes,WBIC_YEAR,2391200_1986,-11.9570447302996,6.41388920804627e-06,3.074808615914,312,0.934924641984558,320.04,647.7,
yes,WBIC_YEAR,2391200_1987,-12.035664556733,5.92894329831528e-06,3.04423733423915,158,0.960049297968071,81.28,327.66,
NO,WBIC_YEAR,2391200_1994,-15.296243167677,2.27470979875906e-07,3.57609607306042,520,0.842549213687222,304.8,609.6,r^2< 0.85
NO,WBIC_YEAR,2391200_2000,-11.7742598123443,7.70023421261676e-06,3.02293459578555,23,0.9559429822639,259.08,635,n< 25
yes,WBIC_YEAR,2392000_1987,-11.9477227469833,6.473958925688e-06,3.04807445213082,49,0.918232646308881,226.06,386.08,
NO,WBIC_YEAR,2392000_1993,-12.4397045063073,3.95826600425644e-06,3.12840974047696,133,0.765264353341987,304.8,764.54,r^2< 0.85
yes,WBIC_YEAR,2393200_1987,-11.4739180040726,1.03977824130027e-05,2.96572845495484,59,0.964889359962901,177.8,325.12,
yes,WBIC_YEAR,2393200_1991,-14.1745821282728,6.98324370272399e-07,3.42015532504885,208,0.917789310454722,304.8,678.18,
yes,WBIC_YEAR,2393500_1987,-12.5757152546726,3.4549061844527e-06,3.16958401922481,86,0.990200694216017,142.24,325.12,
NO,WBIC_YEAR,2393500_1991,-17.9221353402587,1.64632479020791e-08,4.02490881286501,549,0.861587969551697,203.2,739.14,b far from 3
yes,WBIC_YEAR,2393500_1997,-13.5027989658329,1.36712718392667e-06,3.30516772751444,519,0.959375120673479,167.64,736.6,
yes,WBIC_YEAR,2395600_1987,-11.3814874692585,1.14046719167358e-05,2.92518604382853,72,0.965149136558647,132.08,304.8,
yes,WBIC_YEAR,2395600_1991,-13.1788112152636,1.8902315649436e-06,3.24522803498903,245,0.891313325636218,256.54,711.2,
NO,WBIC_YEAR,2395600_1998,-11.794225490228,7.54801841887863e-06,3.0199578154216,244,0.815234907970138,368.3,711.2,r^2< 0.85
yes,WBIC_YEAR,2399700_1990,-13.7235679337749,1.09630191906499e-06,3.34103195473513,1069,0.944145876922779,144.78,774.7,
yes,WBIC_YEAR,2399700_1999,-13.1156903056969,2.01339077251666e-06,3.24619399080208,990,0.87843901979532,223.52,680.72,
yes,WBIC_YEAR,2417000_1990,-13.3095500798379,1.65857778335346e-06,3.27765788798111,472,0.965490558673652,154.94,762,
yes,WBIC_YEAR,2418600_1990,-13.0404287180153,2.17076977560173e-06,3.23781563353917,226,0.928737897377104,241.3,685.8,
NO,WBIC_YEAR,2420600_1995,-12.2516017996187,4.77745872837472e-06,3.08191319823627,563,0.826405158816396,132.08,736.6,r^2< 0.85
NO,WBIC_YEAR,2451900_1996,-10.7611228054737,2.12081968854638e-05,2.83861750736904,40,0.843961597111191,350.52,553.72,r^2< 0.85
yes,WBIC_YEAR,2451900_1999,-13.1861019125977,1.8765005737844e-06,3.24816534785061,49,0.940624216805893,228.6,508,
yes,WBIC_YEAR,2452400_1995,-13.4639440505787,1.42129227045541e-06,3.31983636181045,82,0.967242832335335,182.88,464.82,
yes,WBIC_YEAR,2461100_1995,-10.74645159705,2.15216404378771e-05,2.86030761436531,211,0.970660361291483,162.56,718.82,
yes,WBIC_YEAR,2461100_2000,-13.6246153875884,1.21033256672273e-06,3.31684337675009,31,0.937936363040984,383.54,764.54,
NO,WBIC_YEAR,2469800_2013,-13.6120327739135,1.22565792818439e-06,3.36672900787631,10,0.705694767598049,335.28,403.86,n< 25
yes,WBIC_YEAR,2485700_2015,-13.051081219019,2.14776837710664e-06,3.25441105066741,51,0.97842018392924,187.96,693.42,
yes,WBIC_YEAR,2490500_1995,-9.35842864907223,8.62354985387973e-05,2.62545092647175,165,0.955163420352961,78.74,624.84,
yes,WBIC_YEAR,2490500_2015,-10.739808574381,2.16650851087675e-05,2.87902804568851,115,0.962744517093308,193.04,574.04,
yes,WBIC_YEAR,2492100_1994,-12.2092651853306,4.98406275467908e-06,3.10446844025767,109,0.962341320842768,297.18,736.6,
yes,WBIC_YEAR,2495100_1988,-13.1695810102091,1.90775955893431e-06,3.24927761296026,189,0.986478385459716,132.08,736.6,
yes,WBIC_YEAR,2495100_1993,-11.4573046099108,1.05719677693138e-05,2.98681929718631,165,0.924706914635226,292.1,680.72,
NO,WBIC_YEAR,2495100_2000,4.32016914453159,75.2013471129656,0.466097805584734,4,0.0263989546796223,515.62,543.56,n< 25
yes,WBIC_YEAR,2496300_1977,-11.3430584535269,1.18514722982009e-05,2.95850036201046,330,0.977777147878909,109.22,749.3,
yes,WBIC_YEAR,2496300_1994,-12.5743934659643,3.45947585984268e-06,3.14804546041519,371,0.948419911056578,137.16,703.58,
yes,WBIC_YEAR,2496300_1999,-11.9627400611049,6.37746381305502e-06,3.05655544625554,365,0.958657350982489,149.86,739.14,
yes,WBIC_YEAR,2615100_1994,-12.2362373004507,4.8514287903529e-06,3.1165206318082,172,0.980189001382103,142.24,711.2,
yes,WBIC_YEAR,2615100_2004,-13.9525616198838,8.71925702795313e-07,3.397702382817,258,0.976693069123994,132.08,660.4,
yes,WBIC_YEAR,2615100_2009,-12.5375288770781,3.58938787959706e-06,3.16133893245871,178,0.962483963055909,172.72,688.34,
yes,WBIC_YEAR,2615100_2013,-13.1427815663438,1.95957770152145e-06,3.26236366321893,223,0.978775607593641,170.18,706.12,
yes,WBIC_YEAR,2620600_1988,-12.7367787581435,2.94094747494116e-06,3.1949218249218,458,0.987766836303709,144.78,762,
yes,WBIC_YEAR,2620600_1994,-12.1574338514963,5.24920536693144e-06,3.10906363920251,201,0.976384506842105,251.46,762,
yes,WBIC_YEAR,2620600_1998,-11.0301707029496,1.62053244017627e-05,2.91126535865661,48,0.967609999195282,373.38,685.8,
NO,WBIC_YEAR,2620600_2014,-11.2319651589166,1.32440103218834e-05,2.9436400589672,18,0.991443460054025,223.52,665.48,n< 25
yes,WBIC_YEAR,2621100_1988,-12.9084050375488,2.47714210933917e-06,3.22256489061632,268,0.977559949744368,167.64,772.16,
yes,WBIC_YEAR,2621100_1991,-12.8407939626885,2.65041596412879e-06,3.19799047144472,123,0.96917073185118,292.1,731.52,
yes,WBIC_YEAR,2621100_2012,-11.1548481265594,1.43057625469576e-05,2.95171419209345,99,0.966524567375286,175.26,726.44,
yes,WBIC_YEAR,2627400_1989,-12.756567299397,2.88332245249463e-06,3.20338361900593,246,0.985573268252985,154.94,711.2,
yes,WBIC_YEAR,2627400_1991,-12.5060136371527,3.70430968226372e-06,3.15955122984518,250,0.961611612592494,254,734.06,
yes,WBIC_YEAR,2627400_1997,-10.3220516413091,3.28995479203834e-05,2.80891106429476,227,0.984582988076439,147.32,703.58,
NO,WBIC_YEAR,2627400_2012,-11.0934212282405,1.52120720998445e-05,2.95150196708112,5,0.980646906805279,205.74,647.7,n< 25
yes,WBIC_YEAR,2641000_1990,-13.3676897711757,1.56489822008622e-06,3.30683189927049,267,0.971120328568444,180.34,685.8,
yes,WBIC_YEAR,2641000_2003,-13.8685273047868,9.48364130263492e-07,3.38841826808565,117,0.931992692510847,353.06,680.72,
yes,WBIC_YEAR,2641000_2011,-12.8066169914733,2.74256487000745e-06,3.21925928826489,117,0.97335649636519,304.8,726.44,
yes,WBIC_YEAR,2654500_1991,-13.0302624026491,2.19295106567963e-06,3.23891344606847,199,0.980054925755384,312.42,749.3,
yes,WBIC_YEAR,2654500_1997,-11.7668689266544,7.75735659594358e-06,3.03095301586878,158,0.969420570573688,165.1,685.8,
yes,WBIC_YEAR,2661100_1993,-12.8942341620168,2.51249528294224e-06,3.23124204120978,131,0.958352317045778,330.2,736.6,
yes,WBIC_YEAR,2661100_1999,-14.4172182980734,5.47875208265977e-07,3.46785930830662,198,0.94747358782481,276.86,749.3,
NO,WBIC_YEAR,2661100_2012,-10.6327817596605,2.41124619040151e-05,2.90610510341644,3,0.996635661628591,457.2,713.74,n< 25
yes,WBIC_YEAR,2675200_1986,-13.1926124625993,1.86432320666321e-06,3.26776047173019,400,0.978410169024242,307.34,769.62,
yes,WBIC_YEAR,2675200_1992,-10.3097737866523,3.33059737007888e-05,2.7809883572497,467,0.945478338718578,121.92,690.88,
yes,WBIC_YEAR,2678100_1994,-12.7702439298013,2.84415675485505e-06,3.19936096464293,79,0.986882636757265,195.58,711.2,
yes,WBIC_YEAR,2678100_1997,-11.9082352344037,6.73471386083627e-06,3.05263568810223,169,0.966528083109379,302.26,744.22,
yes,WBIC_YEAR,2691500_1993,-12.67344326336,3.13323900260865e-06,3.18682327814979,103,0.944253349710953,345.44,609.6,
yes,WBIC_YEAR,2691500_1998,-14.2700961440139,6.34710946524181e-07,3.40290097494436,43,0.9155317810674,368.3,609.6,
yes,WBIC_YEAR,2692900_1988,-12.1075805913893,5.51752818029636e-06,3.07720576369889,256,0.9877868871365,160.02,698.5,
yes,WBIC_YEAR,2694000_1991,-13.67718188704,1.14835291847089e-06,3.30321573357994,267,0.863118415757634,266.7,718.82,
yes,WBIC_YEAR,2695800_1992,-7.61947095086245,0.000490801420507349,2.3505707850033,158,0.970489763997421,104.14,711.2,
NO,WBIC_YEAR,2704200_1984,-13.0975345439428,2.05027927180673e-06,3.2466384062105,5,0.994673403748929,287.02,571.5,n< 25
yes,WBIC_YEAR,2704200_1992,-10.9033119578554,1.83972022258153e-05,2.88327283885122,454,0.908064616064366,139.7,741.68,
yes,WBIC_YEAR,2706500_1990,-12.4096450876342,4.07905551554611e-06,3.14109505799266,346,0.977937304715252,134.62,660.4,
yes,WBIC_YEAR,2706500_1999,-11.1618868042078,1.4205422440968e-05,2.93802204258335,226,0.984402580816005,177.8,708.66,
yes,WBIC_YEAR,2706800_1987,-12.5455379145091,3.56075515106537e-06,3.16737813802756,141,0.984101947719592,317.5,731.52,
yes,WBIC_YEAR,2706800_1990,-12.1636593089725,5.21662817132336e-06,3.09171092828078,447,0.95707033266904,144.78,711.2,
yes,WBIC_YEAR,2706800_1996,-12.6465517580106,3.21863964551511e-06,3.17202450485778,254,0.980010849507907,157.48,693.42,
NO,WBIC_YEAR,2710800_1992,-13.9459794124747,8.77683828415535e-07,3.33176499390592,5,0.787798381181234,439.42,553.72,n< 25
yes,WBIC_YEAR,2732600_1993,-10.7474960585383,2.14991736481657e-05,2.84873201369715,299,0.959137548037455,116.84,670.56,
yes,WBIC_YEAR,2734200_1993,-8.37324462210838,0.00023096494271265,2.47320896872827,29,0.940189634167105,215.9,502.92,
yes,WBIC_YEAR,2741600_1993,-10.6752806242459,2.31091798275297e-05,2.84095816570916,38,0.888825459718946,383.54,574.04,
yes,WBIC_YEAR,2741600_1995,-11.1973533889637,1.37104342769728e-05,2.92929007315026,327,0.962935261739318,129.54,690.88,
NO,WBIC_YEAR,2742100_1993,-14.5803997376662,4.65385502276769e-07,3.45193661378669,109,0.783731789134926,350.52,622.3,r^2< 0.85
NO,WBIC_YEAR,2742100_1998,-13.0134022050085,2.23023810419945e-06,3.19787470609942,277,0.824446862867752,238.76,515.62,r^2< 0.85
NO,WBIC_YEAR,2742500_1998,-11.9211850340496,6.64806293266947e-06,3.02817580385001,2,1,307.34,431.8,n< 25
yes,WBIC_YEAR,2742700_1993,-12.0305052814802,5.9596113932942e-06,3.06638916172791,77,0.911136226593282,386.08,734.06,
yes,WBIC_YEAR,2747300_1992,-10.3368277729293,3.24169937915299e-05,2.78248416903659,264,0.957290055463985,121.92,652.78,
yes,WBIC_YEAR,2747300_1997,-9.22311909958235,9.87302573656088e-05,2.58964390134924,310,0.947262752405538,111.76,728.98,
yes,WBIC_YEAR,2762200_1990,-13.8592189599713,9.57233044015006e-07,3.36208079267382,153,0.956332775932635,302.26,741.68,
yes,WBIC_YEAR,2856400_1996,-13.4265750921389,1.47540933393716e-06,3.29741802672247,228,0.956543649266822,144.78,708.66,
yes,WBIC_YEAR,2858100_1999,-13.281091131685,1.7064572303809e-06,3.27041908798263,176,0.953209284465751,246.38,734.06,
yes,WBIC_YEAR,2858300_1982,-7.4220385735365,0.000597928980042921,2.31852894764421,32,0.936479878742474,215.9,434.34,
yes,WBIC_YEAR,2865000_1994,-12.6572444792498,3.18440697537921e-06,3.15879168618422,342,0.932217958686137,312.42,728.98,
NO,WBIC_YEAR,2865000_1998,-10.5258659112181,2.68333266515589e-05,2.79453442998458,127,0.78878980327509,381,612.14,r^2< 0.85
yes,WBIC_YEAR,2866200_1995,-8.25806208402994,0.000259160736625141,2.44916460758856,185,0.939932304933362,129.54,695.96,
yes,WBIC_YEAR,2866200_2000,-11.3761189876078,1.14660623278586e-05,2.95185430148937,34,0.908433652216886,276.86,535.94,
yes,WBIC_YEAR,2897100_1990,-14.5909643073589,4.60494784356889e-07,3.50777641749319,127,0.894789849467525,406.4,673.1,
yes,WBIC_YEAR,2897100_1996,-11.6147933137481,9.03148896013334e-06,3.0277594796863,219,0.968741640128596,162.56,741.68,
yes,WBIC_YEAR,2899200_1995,-14.6260378618122,4.44623552688237e-07,3.51364761686187,58,0.985019952737799,381,678.18,
yes,WBIC_YEAR,2900200_1988,-12.7484826216137,2.90672766980438e-06,3.19613597797958,137,0.98044569542532,279.4,749.3,
yes,WBIC_YEAR,2900200_1994,-12.8928624484212,2.51594407171502e-06,3.2147592527183,174,0.971408070251097,231.14,703.58,
NO,WBIC_YEAR,2902900_1991,6.95010570485587,1043.26,NA,2,0,495.3,495.3,n< 25
NO,WBIC_YEAR,2914800_1993,-14.1151405509027,7.41092379371935e-07,3.40984152920562,12,0.924371055386873,386.08,690.88,n< 25
NO,WBIC_YEAR,2942300_1993,-16.5253625376178,6.6546656245145e-08,3.7559802987712,211,0.611908155638118,269.24,637.54,r^2< 0.85
NO,WBIC_YEAR,2949200_1992,-15.2159504790204,2.46488504603315e-07,3.59654785317066,200,0.811942311512755,254,609.6,r^2< 0.85
NO,WBIC_YEAR,2949200_1998,-12.8122760671349,2.7270883206864e-06,3.15387449764201,135,0.619438907497442,215.9,665.48,r^2< 0.85
yes,WBIC_YEAR,2949200_2011,-12.9409955984642,2.39771202443447e-06,3.23502923080192,94,0.973310078891836,228.6,721.36,
yes,WBIC_YEAR,2953500_1993,-12.4088259644602,4.08239813326773e-06,3.12264038494639,246,0.953095612816545,223.52,759.46,
NO,WBIC_YEAR,2953800_1996,6.11719370631515,453.59,NA,2,0,386.08,386.08,n< 25
yes,WBIC_YEAR,2954500_1994,-13.754053815254,1.06338449640262e-06,3.35677297198483,108,0.959406038785125,213.36,688.34,
yes,WBIC_YEAR,2954500_1998,-14.4561211106974,5.26970582473005e-07,3.46117836101249,146,0.908071981796574,187.96,701.04,
yes,WBIC_YEAR,2954800_1994,-13.7422472015554,1.07601387475365e-06,3.32518234456242,489,0.860753324627674,139.7,754.38,
yes,WBIC_YEAR,2958500_1992,-12.1143757029755,5.48016305450387e-06,3.07666406389952,94,0.911182537368283,203.2,647.7,
yes,WBIC_YEAR,2958500_1997,-13.5511146323782,1.30264384424252e-06,3.32201392433266,150,0.970720750176613,261.62,680.72,
yes,WBIC_YEAR,2962400_1992,-12.1308535785746,5.39060152774948e-06,3.09055070416899,43,0.943432008425216,383.54,680.72,
yes,WBIC_YEAR,2962900_1992,-11.9825177111552,6.25257167306479e-06,3.07447567097117,173,0.930639491436143,276.86,680.72,
yes,WBIC_YEAR,2963200_2013,-13.519719106144,1.34418979926322e-06,3.32591184357148,59,0.971072616327003,147.32,254,
yes,WBIC_YEAR,2963800_1991,-13.5980850726066,1.24287281383395e-06,3.32167261642849,303,0.975138074760215,142.24,731.52,
yes,WBIC_YEAR,2963800_1999,-13.3171223561918,1.64606600512942e-06,3.28511953850091,193,0.979179577075364,256.54,731.52,
yes,WBIC_YEAR,2964100_1999,-13.1968586490864,1.85642372585884e-06,3.26104371637351,163,0.963278137957046,210.82,690.88,
yes,WBIC_YEAR,378400_1999,-12.9344241176756,2.41352042836129e-06,3.23460579923301,131,0.98095123242942,223.52,698.5,
yes,WBIC_YEAR,394400_1992,-13.3839092421591,1.53972113029716e-06,3.29771170265046,302,0.895350347563206,266.7,675.64,
yes,WBIC_YEAR,396500_1992,-14.9259839956257,3.29402972379732e-07,3.53815794530619,185,0.936590263534502,309.88,698.5,
yes,WBIC_YEAR,406900_1991,-13.2400073468081,1.7780250238627e-06,3.2834706165094,178,0.936206970790285,195.58,670.56,
yes,WBIC_YEAR,418700_1996,-13.4317093617245,1.46785359785837e-06,3.27101720796712,90,0.942816801319079,251.46,652.78,
yes,WBIC_YEAR,478200_1998,-11.8669047605832,7.01889499396773e-06,3.05655418014196,99,0.982551178269888,182.88,741.68,
yes,WBIC_YEAR,479300_1998,-11.8678702931151,7.01212129315381e-06,3.04094947469936,88,0.985100924735443,182.88,693.42,
yes,WBIC_YEAR,608400_2013,-10.7474684043119,2.14997681994029e-05,2.86924471576162,62,0.987514793019855,172.72,673.1,
yes,WBIC_YEAR,651600_2012,-10.7308943469257,2.18590759599547e-05,2.86677875108295,63,0.953410548477256,287.02,698.5,
NO,WBIC_YEAR,653700_1993,-5.90775760929593,0.00271827549401678,2.06009270054899,5,0.339994750531336,381,414.02,n< 25
yes,WBIC_YEAR,653700_2011,-13.5677397841362,1.2811662217036e-06,3.32517231747223,123,0.980730813253997,284.48,759.46,
NO,WBIC_YEAR,672300_2012,-9.39192634256185,8.33946547348478e-05,2.66957760297747,24,0.974382815016005,182.88,701.04,n< 25
yes,WBIC_YEAR,672900_2012,-9.87473244135289,5.14586265384648e-05,2.75464786911778,72,0.964426181696452,162.56,754.38,
yes,WBIC_YEAR,677100_2013,-12.5579520470156,3.51682470814431e-06,3.16445163316134,81,0.950996649588463,345.44,673.1,
yes,WBIC_YEAR,679300_2013,-12.4565250474929,3.89224265877099e-06,3.16318185318003,121,0.942824140325311,421.64,690.88,
yes,WBIC_YEAR,683000_1999,-13.2354533898039,1.78614053820011e-06,3.28790415372887,125,0.973196397182464,241.3,716.28,
yes,WBIC_YEAR,692400_1992,-13.9831120870367,8.45690750732425e-07,3.38567759309597,326,0.900207514178518,256.54,764.54,
yes,WBIC_YEAR,692400_1997,-14.7735595259431,3.83640651476365e-07,3.50892098151223,236,0.965856307384361,233.68,619.76,
yes,WBIC_YEAR,692400_2014,-12.965013575449,2.34080990448777e-06,3.22397870259131,117,0.971182241140437,317.5,586.74,
yes,WBIC_YEAR,692900_1994,-14.134732065972,7.26714558382596e-07,3.42253122739392,290,0.977242239602093,190.5,695.96,
yes,WBIC_YEAR,692900_1997,-12.7672721450078,2.85262154819173e-06,3.19823128358799,231,0.973840935363417,254,711.2,
NO,WBIC_YEAR,716800_1992,-10.3826558045026,3.09649138886725e-05,2.82072882538681,66,0.677395975641878,381,571.5,r^2< 0.85
NO,WBIC_YEAR,716800_1998,-9.60570034829311,6.73437574033041e-05,2.72382225147373,74,0.422280962295082,497.84,777.24,r^2< 0.85
NO,WBIC_YEAR,968800_1991,-14.0039223089895,8.28273594509062e-07,3.3578465065869,253,0.819822817177568,124.46,665.48,r^2< 0.85
NO,WBIC_YEAR,971600_1988,-18.2984851388906,1.12997510901554e-08,4.12308788781086,13,0.939863415024349,330.2,632.46,n< 25
NO,WBIC_YEAR,974200_1988,-12.5877865199473,3.41345180220079e-06,3.17482676687107,55,0.813758456703554,256.54,520.7,r^2< 0.85
yes,WBIC_YEAR,977500_1988,-14.404736878944,5.54756322072263e-07,3.4633457522628,98,0.984754922738522,246.38,713.74,
yes,WBIC_YEAR,977500_1990,-15.9144656950157,1.22584445306166e-07,3.6930806993237,182,0.965743477407022,271.78,739.14,
yes,WBIC_YEAR,977500_1996,-12.6145331660687,3.3233635644713e-06,3.15542838662707,308,0.990460375941497,99.06,723.9,
yes,WBIC_YEAR,983500_2012,-12.625858779838,3.28593677307612e-06,3.17344095461668,54,0.908953400047017,508,695.96,
yes,WBIC_YEAR,995000_2012,-11.2957898691466,1.24251257023108e-05,2.94637012086177,85,0.971412819576098,220.98,464.82,
yes,WBIC_YEAR,995200_1994,-11.5601394473173,9.53883261571271e-06,2.99023901529206,488,0.950006726223039,127,731.52,
yes,WBIC_YEAR,995200_1995,-12.9820388906576,2.30129421604743e-06,3.21807306297843,442,0.98147688188113,111.76,698.5,
yes,WBIC_YEAR,995200_1998,-12.8345614387668,2.66698632898669e-06,3.21258517253742,204,0.969854908261985,208.28,711.2,
yes,WBIC,181400,-14.3694011946347,5.74709469293823e-07,3.45490164714284,50,0.990579316452311,223.52,678.18,
yes,WBIC,378400,-12.9344241176756,2.41352042836129e-06,3.23460579923301,131,0.98095123242942,223.52,698.5,
yes,WBIC,394400,-13.3839092421591,1.53972113029716e-06,3.29771170265046,302,0.895350347563206,266.7,675.64,
yes,WBIC,396500,-14.9259839956257,3.29402972379732e-07,3.53815794530619,185,0.936590263534502,309.88,698.5,
yes,WBIC,406900,-13.2400073468081,1.7780250238627e-06,3.2834706165094,178,0.936206970790285,195.58,670.56,
yes,WBIC,418700,-13.4317093617245,1.46785359785837e-06,3.27101720796712,90,0.942816801319079,251.46,652.78,
yes,WBIC,478200,-11.8669047605832,7.01889499396773e-06,3.05655418014196,99,0.982551178269888,182.88,741.68,
yes,WBIC,479300,-11.8678702931151,7.01212129315381e-06,3.04094947469936,88,0.985100924735443,182.88,693.42,
yes,WBIC,608400,-10.7474684043119,2.14997681994029e-05,2.86924471576162,62,0.987514793019855,172.72,673.1,
yes,WBIC,651600,-10.7308943469257,2.18590759599547e-05,2.86677875108295,63,0.953410548477256,287.02,698.5,
yes,WBIC,653700,-13.5002820128262,1.37057251284948e-06,3.31473042283607,128,0.980050572645368,284.48,759.46,
NO,WBIC,672300,-9.39192634256185,8.33946547348478e-05,2.66957760297747,24,0.974382815016005,182.88,701.04,n< 25
yes,WBIC,672900,-9.87473244135289,5.14586265384648e-05,2.75464786911778,72,0.964426181696452,162.56,754.38,
yes,WBIC,677100,-12.5579520470156,3.51682470814431e-06,3.16445163316134,81,0.950996649588463,345.44,673.1,
yes,WBIC,679300,-12.4565250474929,3.89224265877099e-06,3.16318185318003,121,0.942824140325311,421.64,690.88,
yes,WBIC,683000,-13.2354533898039,1.78614053820011e-06,3.28790415372887,125,0.973196397182464,241.3,716.28,
yes,WBIC,692400,-14.3445967641034,5.89143079109235e-07,3.44385768445438,679,0.93936519559316,233.68,764.54,
yes,WBIC,692900,-13.6621804173757,1.16570976353015e-06,3.34460755699653,521,0.975617355050423,190.5,711.2,
yes,WBIC,716800,-12.0901318051073,5.61464719068713e-06,3.10441177647758,140,0.860236315603882,381,777.24,
NO,WBIC,968800,-14.0039223089895,8.28273594509062e-07,3.3578465065869,253,0.819822817177568,124.46,665.48,r^2< 0.85
NO,WBIC,971600,-18.2984851388906,1.12997510901554e-08,4.12308788781086,13,0.939863415024349,330.2,632.46,n< 25
NO,WBIC,974200,-12.5877865199473,3.41345180220079e-06,3.17482676687107,55,0.813758456703554,256.54,520.7,r^2< 0.85
yes,WBIC,977500,-13.2906546032019,1.69021536336948e-06,3.2683589058051,588,0.980234105761757,99.06,739.14,
yes,WBIC,983500,-12.625858779838,3.28593677307612e-06,3.17344095461668,54,0.908953400047017,508,695.96,
yes,WBIC,995000,-11.2957898691466,1.24251257023108e-05,2.94637012086177,85,0.971412819576098,220.98,464.82,
yes,WBIC,995200,-12.7831814879564,2.80759731631127e-06,3.19287455003999,1134,0.968615417162983,111.76,731.52,
yes,WBIC,1004600,-13.521979276336,1.34115513227026e-06,3.30765226060574,85,0.968169351723413,406.4,716.28,
yes,WBIC,1018500,-13.2839190475388,1.70163832985922e-06,3.27976849724385,166,0.991876490763123,111.76,683.26,
yes,WBIC,1019500,-14.2898354673756,6.2230502695699e-07,3.42578065871642,347,0.926390314971289,127,723.9,
yes,WBIC,1427400,-13.0895213330785,2.06677459392398e-06,3.26274400446629,319,0.968902562255597,254,767.08,
yes,WBIC,1490300,-12.2124142221976,4.96839244346055e-06,3.10036466027451,173,0.981855390788407,152.4,690.88,
yes,WBIC,1515400,-12.5741050616126,3.46047373162368e-06,3.18240738814256,217,0.978752869045445,160.02,728.98,
NO,WBIC,1517200,-7.50737139042049,0.0005490223590481,2.31477162053881,20,0.817717022708076,248.92,431.8,n< 25
yes,WBIC,1519600,-12.2637421259608,4.71980946880215e-06,3.11346900615168,69,0.96287703765101,292.1,662.94,
yes,WBIC,1523600,-13.292256051135,1.68751073770582e-06,3.26879901929637,555,0.953244793644946,187.96,736.6,
yes,WBIC,1527800,-13.5792412925433,1.26651529303094e-06,3.33123020155645,66,0.989963929337308,223.52,716.28,
yes,WBIC,1528300,-12.8947785581836,2.51112786238409e-06,3.21822569855652,539,0.968386322125179,226.06,749.3,
yes,WBIC,1528700,-12.333845622897,4.40026574225398e-06,3.13536344943795,161,0.988752039710853,165.1,678.18,
NO,WBIC,1536300,-7.7401546457548,0.000435004298308781,2.35484676332518,71,0.713000672734733,254,586.74,r^2< 0.85
yes,WBIC,1537800,-13.5693737239093,1.2790745825296e-06,3.33441270437945,100,0.9861192378679,243.84,695.96,
yes,WBIC,1542300,-13.5888181249881,1.25444398299819e-06,3.33187356983009,331,0.972837960636776,248.92,825.5,
yes,WBIC,1542400,-13.9632213186151,8.62680600035124e-07,3.3839612921955,423,0.974426438405554,236.22,772.16,
yes,WBIC,1542600,-12.7705171126604,2.84337988609957e-06,3.20446178374198,59,0.961219024170264,317.5,726.44,
yes,WBIC,1545300,-13.7007506714499,1.12160409296835e-06,3.35927701983377,549,0.95336620757441,129.54,716.28,
yes,WBIC,1545600,-13.74121875108,1.07712107098527e-06,3.35085768723446,670,0.974449496467742,177.8,762,
yes,WBIC,1564200,-15.1748859961871,2.56821127533746e-07,3.57741256920916,178,0.951179588456614,284.48,693.42,
yes,WBIC,1569600,-12.7310960488796,2.95770760075972e-06,3.19899058073233,330,0.988208461819615,114.3,718.82,
yes,WBIC,1569900,-12.6385546481069,3.2444826574746e-06,3.18847665397924,250,0.968383525129517,327.66,723.9,
yes,WBIC,1579700,-11.901398570967,6.78091458228497e-06,3.07074376412922,227,0.956502139169542,297.18,657.86,
yes,WBIC,1579900,-11.7460111494973,7.9208570112788e-06,3.05121176471291,114,0.975438845944859,266.7,647.7,
yes,WBIC,1588200,-13.4643622523679,1.42069800775446e-06,3.31017357805616,599,0.94498619764607,271.78,769.62,
yes,WBIC,1589100,-12.0436773302767,5.88162584350395e-06,3.06758517828856,126,0.967637144304246,223.52,591.82,
yes,WBIC,1589300,-13.1210753071897,2.00257780026666e-06,3.26219569710704,230,0.982806111081592,276.86,736.6,
yes,WBIC,1589600,-11.7923567467314,7.56213691702816e-06,3.0483492671925,184,0.962688290155791,236.22,741.68,
yes,WBIC,1590400,-13.2872495654833,1.69598041998174e-06,3.27436991914852,110,0.977976038512519,226.06,698.5,
yes,WBIC,1591100,-12.6563134127782,3.18737325063114e-06,3.18157087814393,433,0.984483849417304,137.16,789.94,
yes,WBIC,1592400,-13.2201968228574,1.81359984565489e-06,3.25981333862324,574,0.97803717571374,119.38,716.28,
yes,WBIC,1593100,-13.7882906604507,1.02759374322981e-06,3.35450002180596,604,0.955805225609907,208.28,701.04,
yes,WBIC,1593400,-12.9398080654864,2.40056107787244e-06,3.22494379679373,128,0.980868234913862,317.5,721.36,
yes,WBIC,1593800,-12.7669395189159,2.8535705623738e-06,3.19498197780495,116,0.988352803112098,317.5,693.42,
yes,WBIC,1595300,-12.7521671429556,2.89603747588762e-06,3.2043021300223,525,0.975895785705673,157.48,736.6,
yes,WBIC,1595800,-12.6158161847565,3.31910236109825e-06,3.17883649669984,176,0.978943790689144,256.54,706.12,
yes,WBIC,1596300,-13.1732610803613,1.90075177240561e-06,3.26615969048673,416,0.978833172231525,190.5,795.02,
yes,WBIC,1596900,-14.0523842736859,7.89090931504636e-07,3.4066423293076,337,0.983146602167714,236.22,815.34,
yes,WBIC,1597000,-14.1979859326154,6.82170689460818e-07,3.43087626939317,408,0.956271680248385,236.22,749.3,
yes,WBIC,1597600,-11.7866640925017,7.60530831105853e-06,3.04279681935012,27,0.990138832070689,259.08,612.14,
yes,WBIC,1598000,-13.4887296749411,1.38649763872245e-06,3.32358428781865,313,0.973607351137939,248.92,721.36,
yes,WBIC,1598900,-11.8317155598307,7.2702814023418e-06,3.03594939014312,79,0.934704226984957,233.68,556.26,
yes,WBIC,1599600,-16.6099156696714,6.11512416720272e-08,3.81256423149857,107,0.944648860440913,233.68,680.72,
NO,WBIC,1599900,-20.2834810742016,1.55237305403516e-09,4.45232230034129,14,0.879616293741946,254,424.18,n< 25
NO,WBIC,1600100,-12.2844573300459,4.62304337740696e-06,3.10925784959332,13,0.780105427853621,254,429.26,n< 25
yes,WBIC,1600200,-15.2712489849113,2.33228078400965e-07,3.58699046386091,168,0.89922632912777,190.5,645.16,
yes,WBIC,1600300,-13.1413065800763,1.96247018438301e-06,3.25026577080144,32,0.897924072530874,266.7,589.28,
yes,WBIC,1602300,-15.9303245661092,1.20655728449132e-07,3.69737114473894,258,0.969722339672047,116.84,772.16,
yes,WBIC,1602600,-16.2967409346296,8.36402532419266e-08,3.75539970268748,230,0.9660518587403,281.94,805.18,
yes,WBIC,1603400,-14.3343954016963,5.95183901088124e-07,3.44919244475155,73,0.928783897801429,248.92,721.36,
yes,WBIC,1603700,-14.1506193246588,7.15260285624594e-07,3.42216271130778,199,0.870369200717451,198.12,731.52,
yes,WBIC,1603800,-11.6240187151189,8.9485529964853e-06,3.02153859541957,210,0.915393604025938,246.38,688.34,
yes,WBIC,1605200,-13.0933064011999,2.05896649770448e-06,3.24927426800561,82,0.987725719416079,254,708.66,
yes,WBIC,1605800,-12.4374089602981,3.96736282307433e-06,3.15130954431695,369,0.974518047779115,246.38,746.76,
yes,WBIC,1609000,-13.401269317856,1.51322213272679e-06,3.31645832960725,139,0.949484281220854,223.52,716.28,
yes,WBIC,1609100,-12.7344061811745,2.94793338321272e-06,3.19799595477722,244,0.92864239203938,226.06,665.48,
yes,WBIC,1610500,-12.2328681198212,4.86780169640963e-06,3.11244613313126,55,0.943802982102878,220.98,576.58,
yes,WBIC,1610600,-13.7615175352044,1.05547723781122e-06,3.36591225094264,214,0.981875644250397,220.98,695.96,
yes,WBIC,1610700,-13.5462090648168,1.309049751087e-06,3.32725285853942,473,0.974561565789992,170.18,728.98,
yes,WBIC,1610800,-12.3728251797312,4.23204521356292e-06,3.13732395825471,70,0.987476346631328,198.12,736.6,
yes,WBIC,1611700,-12.8260748298263,2.68971631283e-06,3.21017658388673,45,0.966866364995399,198.12,711.2,
yes,WBIC,1611800,-13.2627463923578,1.73805064390849e-06,3.27770971107105,113,0.960440140167993,195.58,675.64,
yes,WBIC,1612200,-14.0719029655583,7.73838249199701e-07,3.41234368051554,206,0.976032189936134,175.26,751.84,
yes,WBIC,1612900,-12.9604110139229,2.35160845753383e-06,3.23114360080184,175,0.963946358115336,185.42,744.22,
yes,WBIC,1613000,-13.2641894010603,1.73554443038278e-06,3.2844641282458,362,0.958938039389366,190.5,703.58,
yes,WBIC,1618100,-12.5822489506352,3.4324064610812e-06,3.16820723708475,230,0.985712774621109,248.92,726.44,
NO,WBIC,1629500,-16.0526385313253,1.06764695523863e-07,3.72727783215758,220,0.825399316234007,269.24,563.88,r^2< 0.85
yes,WBIC,1630100,-14.4123131170686,5.50569237278822e-07,3.47479237840382,209,0.982462560814265,322.58,815.34,
yes,WBIC,1631900,-14.2781374008309,6.29627538684381e-07,3.44480339354982,187,0.970024710359149,271.78,650.24,
NO,WBIC,1835300,-13.8030950814004,1.0124928685475e-06,3.34078061910631,1185,0.775944722620388,116.84,767.08,r^2< 0.85
yes,WBIC,1880700,-12.5336591072429,3.60330489499602e-06,3.14393195813958,456,0.967752548754594,119.38,594.36,
yes,WBIC,1881100,-10.9818006921037,1.70084429665595e-05,2.90520445948716,101,0.972952216897839,256.54,675.64,
yes,WBIC,1881900,-13.5133956478614,1.35271665858942e-06,3.32620059852069,313,0.90692000090443,177.038,754.38,
yes,WBIC,2079000,-13.3216359912715,1.63865300623638e-06,3.30166987315284,51,0.933941223757289,292.1,627.38,
yes,WBIC,2079800,-13.3622997556262,1.57335581864367e-06,3.29398125661105,106,0.969816858444987,337.82,746.76,
yes,WBIC,2081200,-12.9951482594284,2.27132258533032e-06,3.24539669866876,644,0.976282138156405,109.22,762,
NO,WBIC,2094100,-10.6613531774972,2.34332834278513e-05,2.88337830730929,6,0.990242619879939,289.56,660.4,n< 25
yes,WBIC,2098000,-13.1240685696132,1.99659252161071e-06,3.26424034400838,68,0.98887845962552,312.42,741.68,
yes,WBIC,2100300,-11.85599962103,7.09585589537716e-06,3.06067603464077,188,0.976648031621012,274.32,635,
yes,WBIC,2100800,-11.8537761598671,7.11165080855914e-06,3.0447893601821,141,0.945913375479477,284.48,713.74,
yes,WBIC,2103200,-12.3663465091183,4.25955224881787e-06,3.13640693399631,196,0.976219495814883,264.16,731.52,
yes,WBIC,2105100,-12.2805103156944,4.64132665440767e-06,3.11525025462688,507,0.979764888767762,116.84,762,
yes,WBIC,2106800,-12.9475705991129,2.38199878022153e-06,3.2300949634646,532,0.974566234917159,177.8,774.7,
yes,WBIC,2109600,-11.8923143328462,6.84279466619025e-06,3.05850795483021,476,0.963984587419358,149.86,731.52,
yes,WBIC,2109800,-13.863177457972,9.53451328818293e-07,3.37184967901139,165,0.921252424067832,284.48,731.52,
yes,WBIC,2112800,-12.0782715271293,5.68163492847217e-06,3.08987403173925,124,0.966965494318582,317.5,660.4,
yes,WBIC,2113300,-11.2547059753642,1.29462294372178e-05,2.96015322975312,128,0.982337168107392,139.7,728.98,
yes,WBIC,2128100,-13.1840532086076,1.88034890870079e-06,3.28002704691739,169,0.973585641198055,170.18,739.14,
yes,WBIC,2133200,-12.5952219627111,3.38816540099133e-06,3.17715125292168,217,0.956660271817293,243.84,749.3,
yes,WBIC,2152800,-12.6243118258801,3.29102389973361e-06,3.1717953841986,1440,0.94471008089465,119.38,721.36,
NO,WBIC,2169200,-14.0934985123269,7.5730594369218e-07,3.39356772762286,76,0.762487948784122,452.12,698.5,r^2< 0.85
yes,WBIC,2242500,-13.766374377647,1.05036337981922e-06,3.35389475264668,306,0.923965089258543,213.36,762,
yes,WBIC,2267800,-13.3375108258413,1.61284505133949e-06,3.28809346432057,484,0.951920318213321,162.56,693.42,
yes,WBIC,2268300,-13.4643786030575,1.42067477855225e-06,3.31555108124385,692,0.946736740563743,129.54,744.22,
yes,WBIC,2268500,-13.8506920967372,9.65430137345642e-07,3.37834991622449,241,0.968546171978183,259.08,749.3,
yes,WBIC,2268600,-12.3171555070803,4.47432297994652e-06,3.12308338866756,106,0.969048566500915,154.94,703.58,
yes,WBIC,2272600,-13.6803791121896,1.14468723876365e-06,3.34113995480045,637,0.958521025953466,198.12,693.42,
yes,WBIC,2275100,-13.4749991009154,1.40566634470231e-06,3.31562866589626,165,0.979558705993013,259.08,744.22,
yes,WBIC,2283300,-13.3654461829742,1.56841314882125e-06,3.28894690294778,1277,0.897706445637454,132.08,728.98,
NO,WBIC,2287200,4.59880165738949,99.3651707498814,0.20871048361178,60,0.111278351926041,304.8,640.08,r^2< 0.85
NO,WBIC,2288900,5.04955091310127,155.952412572563,0.130058121451461,106,0.0353222292299847,302.26,655.32,r^2< 0.85
NO,WBIC,2290100,4.83788517018211,126.202173192176,0.158378993630527,12,0.035712509746101,317.5,525.78,n< 25
NO,WBIC,2290500,4.27426461331299,71.8272990435457,0.263905820876745,34,0.199078580378281,307.34,617.22,r^2< 0.85
yes,WBIC,2294900,-12.1328699605835,5.37974296699442e-06,3.0777399576888,4021,0.903026925371419,109.22,746.76,
yes,WBIC,2295200,-12.7390505289327,2.9342738996619e-06,3.18931267736281,507,0.961076950384261,109.22,736.6,
yes,WBIC,2303500,-10.1273683273038,3.9970521929161e-05,2.75739771657064,155,0.967298711292242,96.52,723.9,
yes,WBIC,2306300,-12.9479260703435,2.38115219866045e-06,3.21371739646733,55,0.930154201961261,238.76,584.2,
yes,WBIC,2310200,-13.8377868818599,9.77969961241838e-07,3.34662271053633,158,0.936478924886693,147.32,647.7,
yes,WBIC,2310400,-13.9560497336874,8.68889624886615e-07,3.38255609211524,284,0.984257170821,119.38,711.2,
yes,WBIC,2311100,-13.3562216688907,1.58294793309688e-06,3.2845516044616,393,0.951967411425811,193.04,708.66,
yes,WBIC,2311700,-12.7424611585862,2.92428322501832e-06,3.16439481667294,123,0.962436849593647,114.3,660.4,
yes,WBIC,2327500,-14.2544707957934,6.4470641404677e-07,3.433379517205,395,0.947513023987437,233.68,731.52,
yes,WBIC,2328700,-13.1152265008659,2.01432480947239e-06,3.24625172500771,346,0.963387779411015,127,746.76,
yes,WBIC,2328800,-13.1276725447109,1.98940980282677e-06,3.24612864297954,33,0.960632206278816,254,670.56,
NO,WBIC,2328900,-13.7905402381195,1.02528468946409e-06,3.37416150031563,17,0.965177562750809,233.68,652.78,n< 25
yes,WBIC,2329000,-14.0566771729612,7.85710704295259e-07,3.40227814721493,620,0.94693473949579,172.72,726.44,
yes,WBIC,2329300,-13.6668567314136,1.1602712645741e-06,3.33692434767277,247,0.934181871230777,213.36,734.06,
yes,WBIC,2329400,-16.6698070762616,5.75963248330699e-08,3.81902897393724,178,0.857192568766916,208.28,762,
yes,WBIC,2329600,-17.4931982621644,2.52813652959904e-08,3.9432706340074,43,0.973978862662884,309.88,703.58,
yes,WBIC,2329800,-12.7453167425789,2.915944600139e-06,3.18688165641253,70,0.889416978731705,172.72,741.68,
yes,WBIC,2331600,-13.9441791760892,8.79265289853524e-07,3.38750939821719,566,0.981016662843766,180.34,817.88,
yes,WBIC,2332400,-13.239066996687,1.77969777627245e-06,3.2651642418183,129,0.951542441442792,325.12,728.98,
NO,WBIC,2334300,-19.119437284699,4.97203171449523e-09,4.19752689533719,81,0.901388924906038,205.74,650.24,b far from 3
yes,WBIC,2334400,-14.207503496794,6.7570888523929e-07,3.42328621713082,526,0.915812980036875,175.26,784.86,
yes,WBIC,2334700,-13.2213550516012,1.8115004981808e-06,3.26621186584659,496,0.982947730658771,132.08,787.4,
yes,WBIC,2338300,-12.5124619742514,3.68049989398769e-06,3.14819322463286,506,0.961514866876748,96.52,688.34,
yes,WBIC,2339100,-14.1903102137518,6.87426987014307e-07,3.41313808619967,236,0.961667253398551,284.48,762,
yes,WBIC,2339800,-8.98703563566762,0.000125020149748169,2.58393221516192,117,0.87075830276748,381,736.6,
yes,WBIC,2339900,-11.0691265806003,1.55861699186034e-05,2.87805342843542,81,0.99498918523951,91.44,259.08,
yes,WBIC,2340500,-16.4006391693794,7.53863834281645e-08,3.78141345927459,102,0.967180768051227,248.92,683.26,
yes,WBIC,2340700,-15.7510312873995,1.44349082433186e-07,3.66595763018403,246,0.95278106375296,248.92,685.8,
yes,WBIC,2340900,-14.2235886258625,6.64926967345329e-07,3.41844212597771,56,0.94107275065811,302.26,660.4,
yes,WBIC,2343200,-14.450954990668,5.2970001998451e-07,3.47250325471591,128,0.926839858627904,218.44,622.3,
yes,WBIC,2344000,-14.3618202147298,5.79082886680914e-07,3.4476220571364,112,0.985573307331227,271.78,721.36,
yes,WBIC,2351400,-13.1216152624422,2.00149678973981e-06,3.24008645450274,1869,0.913286130809154,132.08,728.98,
yes,WBIC,2353600,-10.4684480273638,2.84191305867122e-05,2.83168099029631,173,0.975457285074098,190.5,734.06,
NO,WBIC,2390800,-11.048799276081,1.59062367681122e-05,2.93022419804013,802,0.834456602054597,330.2,711.2,r^2< 0.85
yes,WBIC,2391200,-12.7317868809873,2.95566502700281e-06,3.17259098648999,1013,0.969252841386212,81.28,647.7,
yes,WBIC,2392000,-12.0838236488394,5.65017720918999e-06,3.07097235131391,182,0.921502981773924,226.06,764.54,
yes,WBIC,2393200,-12.6075642674254,3.34660463658537e-06,3.16613241183436,267,0.971981384325713,177.8,678.18,
yes,WBIC,2393500,-14.6442096948161,4.3661689588004e-07,3.48740952446662,1154,0.876533536502637,142.24,739.14,
yes,WBIC,2395600,-12.5635014238593,3.49736257384967e-06,3.14491874247213,561,0.962819834345043,132.08,711.2,
yes,WBIC,2399700,-13.4586037072885,1.42890276232783e-06,3.30037862507565,2059,0.93023077857493,144.78,774.7,
yes,WBIC,2417000,-13.3095500798379,1.65857778335346e-06,3.27765788798111,472,0.965490558673652,154.94,762,
yes,WBIC,2418600,-13.0404287180153,2.17076977560173e-06,3.23781563353917,226,0.928737897377104,241.3,685.8,
NO,WBIC,2420600,-12.2516017996187,4.77745872837472e-06,3.08191319823627,563,0.826405158816396,132.08,736.6,r^2< 0.85
yes,WBIC,2451900,-12.7430039781153,2.92269629772168e-06,3.17100343992298,89,0.936093217367976,228.6,553.72,
yes,WBIC,2452400,-13.4639440505787,1.42129227045541e-06,3.31983636181045,82,0.967242832335335,182.88,464.82,
yes,WBIC,2461100,-10.8066601254691,2.02640915893484e-05,2.86987816721271,242,0.970454819378113,162.56,764.54,
NO,WBIC,2469800,-13.6120327739135,1.22565792818439e-06,3.36672900787631,10,0.705694767598049,335.28,403.86,n< 25
yes,WBIC,2485700,-13.051081219019,2.14776837710664e-06,3.25441105066741,51,0.97842018392924,187.96,693.42,
yes,WBIC,2490500,-9.79357338611994,5.58091130211738e-05,2.70800823438591,280,0.952556673903009,78.74,624.84,
yes,WBIC,2492100,-12.2092651853306,4.98406275467908e-06,3.10446844025767,109,0.962341320842768,297.18,736.6,
yes,WBIC,2495100,-13.228226095003,1.79909626345466e-06,3.26573934908993,358,0.980393280777458,132.08,736.6,
yes,WBIC,2496300,-11.8242672736352,7.32463470715393e-06,3.03118154463208,1066,0.960630955314045,109.22,749.3,
yes,WBIC,2615100,-13.2706460411781,1.72437474271772e-06,3.2839183989039,831,0.976760059699304,132.08,711.2,
yes,WBIC,2620600,-12.6655472406228,3.15807706090264e-06,3.18533551875878,725,0.986506765191355,144.78,762,
yes,WBIC,2621100,-12.6107486068076,3.33596486096339e-06,3.17380307201004,490,0.968282085688397,167.64,772.16,
yes,WBIC,2627400,-11.8540599943063,7.10963256357697e-06,3.05709456192629,728,0.977709025433352,147.32,734.06,
yes,WBIC,2641000,-13.3889977638651,1.53190612617633e-06,3.31125712842484,501,0.971666387761674,180.34,726.44,
yes,WBIC,2654500,-12.3763711275771,4.21706517686488e-06,3.1323811663662,357,0.975744910770467,165.1,749.3,
yes,WBIC,2661100,-14.1293112598905,7.30664633703553e-07,3.42540881256629,332,0.948269671373366,276.86,749.3,
yes,WBIC,2675200,-11.5502611780158,9.63352670997319e-06,2.99598922231708,867,0.959605819025912,121.92,769.62,
yes,WBIC,2678100,-12.3962991019898,4.13385942454173e-06,3.13438599325427,248,0.977538447881583,195.58,744.22,
yes,WBIC,2691500,-14.2599713530911,6.41169904778805e-07,3.43285921723975,146,0.87181369606764,345.44,609.6,
yes,WBIC,2692900,-12.1075805913893,5.51752818029636e-06,3.07720576369889,256,0.9877868871365,160.02,698.5,
yes,WBIC,2694000,-13.67718188704,1.14835291847089e-06,3.30321573357994,267,0.863118415757634,266.7,718.82,
yes,WBIC,2695800,-7.61947095086245,0.000490801420507349,2.3505707850033,158,0.970489763997421,104.14,711.2,
yes,WBIC,2704200,-10.9445444547356,1.76540656135199e-05,2.8902430266655,459,0.909890336907962,139.7,741.68,
yes,WBIC,2706500,-11.7775297037831,7.67509640403888e-06,3.03745293973654,572,0.980081201526189,134.62,708.66,
yes,WBIC,2706800,-12.537105413003,3.59090817828886e-06,3.1559069721551,842,0.969945495904228,144.78,731.52,
NO,WBIC,2710800,-13.9459794124747,8.77683828415535e-07,3.33176499390592,5,0.787798381181234,439.42,553.72,n< 25
yes,WBIC,2732600,-10.7474960585383,2.14991736481657e-05,2.84873201369715,299,0.959137548037455,116.84,670.56,
yes,WBIC,2734200,-8.37324462210838,0.00023096494271265,2.47320896872827,29,0.940189634167105,215.9,502.92,
yes,WBIC,2741600,-11.1811837397087,1.39339292384177e-05,2.92633098542792,365,0.962184859188936,129.54,690.88,
NO,WBIC,2742100,-12.8501973761469,2.62560982097978e-06,3.16823515540272,386,0.829788734532489,238.76,622.3,r^2< 0.85
NO,WBIC,2742500,-11.9211850340496,6.64806293266947e-06,3.02817580385001,2,1,307.34,431.8,n< 25
yes,WBIC,2742700,-12.0305052814802,5.9596113932942e-06,3.06638916172791,77,0.911136226593282,386.08,734.06,
yes,WBIC,2747300,-9.68711813722518,6.20780472958764e-05,2.67065276549899,574,0.95064380801039,111.76,728.98,
yes,WBIC,2762200,-13.8592189599713,9.57233044015006e-07,3.36208079267382,153,0.956332775932635,302.26,741.68,
yes,WBIC,2856400,-13.4265750921389,1.47540933393716e-06,3.29741802672247,228,0.956543649266822,144.78,708.66,
yes,WBIC,2858100,-13.281091131685,1.7064572303809e-06,3.27041908798263,176,0.953209284465751,246.38,734.06,
yes,WBIC,2858300,-7.4220385735365,0.000597928980042921,2.31852894764421,32,0.936479878742474,215.9,434.34,
yes,WBIC,2865000,-12.6340811061013,3.25902950062614e-06,3.15191184073395,469,0.918209280428834,312.42,728.98,
yes,WBIC,2866200,-8.32107352935992,0.000243334497231089,2.45678528296668,219,0.934736941314636,129.54,695.96,
yes,WBIC,2897100,-11.8200930117657,7.35527355331463e-06,3.0628017991083,346,0.963840679857818,162.56,741.68,
yes,WBIC,2899200,-14.6260378618122,4.44623552688237e-07,3.51364761686187,58,0.985019952737799,381,678.18,
yes,WBIC,2900200,-12.818610907723,2.70986725484891e-06,3.20482666244779,311,0.975104772295534,231.14,749.3,
NO,WBIC,2902900,6.95010570485587,1043.26,NA,2,0,495.3,495.3,n< 25
NO,WBIC,2914800,-14.1151405509027,7.41092379371935e-07,3.40984152920562,12,0.924371055386873,386.08,690.88,n< 25
NO,WBIC,2942300,-16.5253625376178,6.6546656245145e-08,3.7559802987712,211,0.611908155638118,269.24,637.54,r^2< 0.85
NO,WBIC,2949200,-14.936348239968,3.26006590356018e-07,3.54762648711552,429,0.816188717814841,215.9,721.36,r^2< 0.85
yes,WBIC,2953500,-12.4088259644602,4.08239813326773e-06,3.12264038494639,246,0.953095612816545,223.52,759.46,
NO,WBIC,2953800,6.11719370631515,453.59,NA,2,0,386.08,386.08,n< 25
yes,WBIC,2954500,-14.2074921059412,6.75716582183566e-07,3.4251729165916,254,0.924247617588416,187.96,701.04,
yes,WBIC,2954800,-13.7422472015554,1.07601387475365e-06,3.32518234456242,489,0.860753324627674,139.7,754.38,
yes,WBIC,2958500,-13.1456114702251,1.95404012407966e-06,3.25418794610794,244,0.957798641931341,203.2,680.72,
yes,WBIC,2962400,-12.1308535785746,5.39060152774948e-06,3.09055070416899,43,0.943432008425216,383.54,680.72,
yes,WBIC,2962900,-11.9825177111552,6.25257167306479e-06,3.07447567097117,173,0.930639491436143,276.86,680.72,
yes,WBIC,2963200,-13.519719106144,1.34418979926322e-06,3.32591184357148,59,0.971072616327003,147.32,254,
yes,WBIC,2963800,-13.601394615025,1.23876627267026e-06,3.32605115914326,496,0.976267240429135,142.24,731.52,
yes,WBIC,2964100,-13.1968586490864,1.85642372585884e-06,3.26104371637351,163,0.963278137957046,210.82,690.88,
yes,CLASS,C2S,-13.3192461156353,1.64257386645011e-06,3.28056341129958,29968,0.94680141034925,81.28,825.5,
yes,CLASS,CCC,-12.8249301708169,2.69279688360541e-06,3.19550406789083,7845,0.945011259819627,78.74,749.3,
yes,CLASS,CCD,-13.2650417150743,1.73406583174752e-06,3.27521007682754,22248,0.945257366297245,96.52,805.18,
yes,CLASS,CR,-12.0898777399818,5.61607385795623e-06,3.07656992604057,2422,0.877075880592054,119.38,749.3,
yes,CLASS,CWC,-12.3338392527899,4.40029377250726e-06,3.12120860804414,3582,0.968868889146283,109.22,772.16,
yes,CLASS,CWD,-12.8687724488794,2.57728909741239e-06,3.22080550914497,3563,0.977763670305246,132.08,767.08,
yes,ALL,ALL,-13.1450390882437,1.95515890159112e-06,3.2534692460426,69815,0.947272675079503,78.74,825.5,
