"wbic_year","wbic","year","PE"
"181400_1999",181400,1999,123
"184200_2014",184200,2014,287
"198100_2003",198100,2003,907
"198100_2008",198100,2008,515
"198100_2010",198100,2010,383
"198100_2014",198100,2014,213
"376900_1988",376900,1988,2002
"376900_1993",376900,1993,1229
"376900_2002",376900,2002,1214
"376900_2006",376900,2006,1718
"376900_2009",376900,2009,2201
"376900_2012",376900,2012,1548
"376900_2014",376900,2014,1300
"377900_1999",377900,1999,1598
"377900_2002",377900,2002,2811
"377900_2004",377900,2004,2475
"377900_2007",377900,2007,1903
"377900_2010",377900,2010,1159
"377900_2012",377900,2012,692
"377900_2013",377900,2013,622
"377900_2014",377900,2014,560
"377900_2016",377900,2016,447
"378400_1987",378400,1987,1808
"378400_1993",378400,1993,2466
"378400_1996",378400,1996,1797
"378400_1999",378400,1999,1515
"378400_2002",378400,2002,1084
"378400_2010",378400,2010,1831
"387200_1984",387200,1984,187
"387200_2005",387200,2005,516
"387200_2009",387200,2009,342
"388500_1988",388500,1988,463
"388500_1999",388500,1999,655
"388500_2006",388500,2006,245
"389300_1979",389300,1979,216
"389300_1988",389300,1988,437
"394400_1989",394400,1989,4706
"394400_1992",394400,1992,4987
"394400_1997",394400,1997,7376
"394400_1999",394400,1999,4851
"394400_2001",394400,2001,3518
"394400_2004",394400,2004,1199
"394400_2007",394400,2007,1675
"394400_2009",394400,2009,2574
"394400_2010",394400,2010,3993
"394400_2011",394400,2011,2569
"394400_2013",394400,2013,9836
"394400_2016",394400,2016,5770
"396500_1987",396500,1987,5176
"396500_1992",396500,1992,1410
"396500_2001",396500,2001,1913
"396500_2006",396500,2006,904
"396500_2011",396500,2011,655
"396500_2015",396500,2015,713
"406900_1985",406900,1985,2255
"406900_1991",406900,1991,1277
"406900_2003",406900,2003,1261
"417400_1979",417400,1979,2148
"417400_1993",417400,1993,180
"417400_2007",417400,2007,671
"417400_2011",417400,2011,459
"417900_1978",417900,1978,1004
"417900_1982",417900,1982,807
"417900_1989",417900,1989,377
"417900_2002",417900,2002,164
"417900_2016",417900,2016,212
"418700_1977",418700,1977,1498
"418700_1982",418700,1982,1443
"418700_1989",418700,1989,475
"418700_1996",418700,1996,547
"418700_2016",418700,2016,248
"428100_1981",428100,1981,49
"439500_1980",439500,1980,102
"439800_1985",439800,1985,3469
"439800_1993",439800,1993,1379
"439800_1994",439800,1994,2983
"439800_1997",439800,1997,1507
"439800_2008",439800,2008,811
"470600_2009",470600,2009,49
"478200_1998",478200,1998,178
"478200_2014",478200,2014,376
"479300_1998",479300,1998,139
"487500_1977",487500,1977,1359
"487500_1993",487500,1993,309
"487500_1999",487500,1999,503
"491800_1977",491800,1977,414
"491800_1984",491800,1984,145
"491800_1993",491800,1993,70
"494200_1987",494200,1987,640
"494200_2004",494200,2004,803
"494200_2008",494200,2008,412
"494200_2015",494200,2015,104
"501200_1983",501200,1983,386
"540600_1983",540600,1983,3065
"540600_1984",540600,1984,2451
"591600_1981",591600,1981,219
"608400_2013",608400,2013,128
"651600_1986",651600,1986,569
"651600_2002",651600,2002,442
"651600_2012",651600,2012,147
"653700_1981",653700,1981,959
"653700_1993",653700,1993,1782
"653700_2000",653700,2000,649
"653700_2004",653700,2004,584
"653700_2011",653700,2011,250
"653700_2016",653700,2016,503
"672300_1986",672300,1986,75
"672300_2005",672300,2005,54
"672300_2012",672300,2012,33
"672900_1979",672900,1979,1175
"672900_1997",672900,1997,196
"672900_2000",672900,2000,355
"672900_2007",672900,2007,358
"672900_2012",672900,2012,95
"672900_2016",672900,2016,65
"677100_1998",677100,1998,113
"677100_2007",677100,2007,225
"677100_2013",677100,2013,215
"679300_1988",679300,1988,353
"679300_1995",679300,1995,195
"679300_2013",679300,2013,688
"683000_1999",683000,1999,1659
"683000_2003",683000,2003,1101
"683000_2008",683000,2008,1100
"683000_2014",683000,2014,564
"691800_2007",691800,2007,408
"692400_1983",692400,1983,7887
"692400_1988",692400,1988,5174
"692400_1989",692400,1989,4766
"692400_1990",692400,1990,4754
"692400_1991",692400,1991,2134
"692400_1992",692400,1992,6721
"692400_1993",692400,1993,5997
"692400_1994",692400,1994,4803
"692400_1995",692400,1995,3644
"692400_1996",692400,1996,3416
"692400_1997",692400,1997,6525
"692400_1998",692400,1998,5138
"692400_1999",692400,1999,4395
"692400_2000",692400,2000,3981
"692400_2001",692400,2001,2740
"692400_2002",692400,2002,2106
"692400_2003",692400,2003,1625
"692400_2004",692400,2004,1703
"692400_2005",692400,2005,1135
"692400_2006",692400,2006,1073
"692400_2008",692400,2008,1195
"692400_2009",692400,2009,8528
"692400_2010",692400,2010,6953
"692400_2011",692400,2011,5631
"692400_2012",692400,2012,5301
"692400_2013",692400,2013,4475
"692400_2014",692400,2014,3509
"692400_2015",692400,2015,2470
"692400_2016",692400,2016,2432
"692900_1989",692900,1989,3673
"692900_1991",692900,1991,3077
"692900_1994",692900,1994,2101
"692900_1997",692900,1997,1834
"692900_2002",692900,2002,528
"692900_2004",692900,2004,431
"692900_2009",692900,2009,583
"692900_2013",692900,2013,248
"692900_2014",692900,2014,692
"716800_1984",716800,1984,6802
"716800_1989",716800,1989,7383
"716800_1990",716800,1990,7891
"716800_1991",716800,1991,3320
"716800_1992",716800,1992,4018
"716800_1993",716800,1993,2282
"716800_1994",716800,1994,3532
"716800_1995",716800,1995,908
"716800_1996",716800,1996,626
"716800_1997",716800,1997,1009
"716800_1998",716800,1998,731
"716800_2002",716800,2002,2538
"716800_2003",716800,2003,10474
"716800_2004",716800,2004,12899
"716800_2005",716800,2005,9549
"716800_2006",716800,2006,12489
"716800_2007",716800,2007,7520
"716800_2008",716800,2008,13237
"716800_2009",716800,2009,12115
"716800_2010",716800,2010,3277
"716800_2011",716800,2011,1546
"716800_2012",716800,2012,1579
"716800_2014",716800,2014,4705
"716800_2015",716800,2015,2073
"716800_2016",716800,2016,1766
"968800_1991",968800,1991,4453
"968800_2006",968800,2006,1880
"968800_2007",968800,2007,2171
"968800_2015",968800,2015,1078
"969600_2007",969600,2007,63
"971600_1988",971600,1988,435
"971600_1999",971600,1999,498
"971600_2016",971600,2016,61
"973000_2003",973000,2003,418
"973000_2015",973000,2015,547
"974200_1988",974200,1988,824
"977500_1988",977500,1988,3242
"977500_1990",977500,1990,1970
"977500_1996",977500,1996,3093
"977500_2000",977500,2000,3241
"977500_2005",977500,2005,2096
"977500_2012",977500,2012,1897
"979100_2004",979100,2004,64
"983500_2012",983500,2012,81
"983600_1986",983600,1986,630
"983600_1987",983600,1987,779
"983600_2009",983600,2009,265
"989200_1989",989200,1989,207
"995000_1994",995000,1994,304
"995000_2012",995000,2012,433
"995200_1989",995200,1989,4499
"995200_1994",995200,1994,3737
"995200_1995",995200,1995,3530
"995200_1998",995200,1998,2422
"995200_2005",995200,2005,1321
"995200_2016",995200,2016,2728
"1001000_2007",1001000,2007,83
"1001300_1999",1001300,1999,206
"1004600_2005",1004600,2005,154
"1005600_1981",1005600,1981,341
"1005600_2005",1005600,2005,84
"1012100_1981",1012100,1981,1273
"1012100_2001",1012100,2001,318
"1013800_1999",1013800,1999,2369
"1013800_2007",1013800,2007,2671
"1013800_2014",1013800,2014,3082
"1018500_1995",1018500,1995,389
"1018500_2000",1018500,2000,1141
"1018500_2003",1018500,2003,1348
"1018500_2006",1018500,2006,1226
"1018500_2009",1018500,2009,626
"1018500_2012",1018500,2012,997
"1018500_2015",1018500,2015,2232
"1019500_1991",1019500,1991,2003
"1019500_2009",1019500,2009,809
"1019500_2016",1019500,2016,305
"1022900_1989",1022900,1989,386
"1406300_1973",1406300,1973,738
"1406300_1994",1406300,1994,419
"1427400_1985",1427400,1985,10130
"1427400_1993",1427400,1993,12770
"1427400_1999",1427400,1999,30594
"1427400_2003",1427400,2003,43695
"1445600_2002",1445600,2002,65
"1469100_1998",1469100,1998,2127
"1469100_2003",1469100,2003,628
"1469100_2015",1469100,2015,219
"1481600_1980",1481600,1980,73
"1481600_2003",1481600,2003,151
"1482400_1973",1482400,1973,924
"1482400_1989",1482400,1989,457
"1482400_2007",1482400,2007,801
"1490300_1978",1490300,1978,649
"1490300_1996",1490300,1996,572
"1490300_2001",1490300,2001,934
"1490300_2006",1490300,2006,218
"1494600_2011",1494600,2011,923
"1502400_2013",1502400,2013,1659
"1503000_2013",1503000,2013,2041
"1506800_1986",1506800,1986,3056
"1506800_2005",1506800,2005,4751
"1515200_2004",1515200,2004,528
"1515400_1980",1515400,1980,2674
"1515400_1995",1515400,1995,5147
"1515400_2009",1515400,2009,9063
"1516000_1981",1516000,1981,2060
"1516000_2015",1516000,2015,2115
"1516400_1986",1516400,1986,7551
"1516500_1986",1516500,1986,19970
"1516800_1986",1516800,1986,3373
"1517200_2000",1517200,2000,823
"1517200_2006",1517200,2006,305
"1517200_2016",1517200,2016,243
"1517900_2002",1517900,2002,297
"1519600_1974",1519600,1974,548
"1519600_1991",1519600,1991,50
"1519600_2001",1519600,2001,89
"1523000_2001",1523000,2001,506
"1523600_1990",1523600,1990,2696
"1523600_1996",1523600,1996,3172
"1523600_1998",1523600,1998,3582
"1523600_2000",1523600,2000,3076
"1523600_2002",1523600,2002,2984
"1523600_2003",1523600,2003,2658
"1523600_2004",1523600,2004,7467
"1523600_2006",1523600,2006,3787
"1523600_2008",1523600,2008,4349
"1523600_2010",1523600,2010,4039
"1523600_2012",1523600,2012,3946
"1523600_2014",1523600,2014,6863
"1523600_2015",1523600,2015,3571
"1523600_2016",1523600,2016,3621
"1527800_1999",1527800,1999,182
"1528300_1988",1528300,1988,20952
"1528300_1994",1528300,1994,13324
"1528300_2008",1528300,2008,26566
"1528700_2010",1528700,2010,1076
"1536300_1986",1536300,1986,10646
"1536300_1987",1536300,1987,4280
"1536300_1990",1536300,1990,6544
"1536300_1991",1536300,1991,7292
"1536300_1992",1536300,1992,7500
"1536300_1993",1536300,1993,6142
"1536300_1994",1536300,1994,7562
"1536300_1995",1536300,1995,8356
"1536300_1996",1536300,1996,8610
"1536300_1997",1536300,1997,8482
"1536300_1998",1536300,1998,7164
"1536300_1999",1536300,1999,7079
"1536300_2000",1536300,2000,5485
"1536300_2001",1536300,2001,7679
"1536300_2002",1536300,2002,7880
"1536300_2003",1536300,2003,5324
"1536300_2004",1536300,2004,4824
"1536300_2005",1536300,2005,5249
"1536300_2006",1536300,2006,6957
"1536300_2007",1536300,2007,9244
"1536300_2008",1536300,2008,5388
"1536300_2009",1536300,2009,6304
"1536300_2010",1536300,2010,5107
"1536300_2011",1536300,2011,5732
"1536300_2012",1536300,2012,3352
"1536300_2013",1536300,2013,3445
"1536300_2014",1536300,2014,4920
"1536300_2015",1536300,2015,5207
"1536300_2016",1536300,2016,3958
"1537800_1994",1537800,1994,479
"1537800_1998",1537800,1998,222
"1537800_2004",1537800,2004,193
"1539600_1991",1539600,1991,363
"1540400_2002",1540400,2002,177
"1541500_1983",1541500,1983,426
"1541500_1984",1541500,1984,436
"1542300_1987",1542300,1987,4823
"1542300_1992",1542300,1992,2973
"1542300_1998",1542300,1998,3495
"1542300_2009",1542300,2009,2274
"1542300_2015",1542300,2015,866
"1542400_1987",1542400,1987,7028
"1542400_1992",1542400,1992,7638
"1542400_1998",1542400,1998,6276
"1542400_2009",1542400,2009,2764
"1542400_2015",1542400,2015,1305
"1542600_1992",1542600,1992,191
"1542700_1987",1542700,1987,6684
"1542700_2015",1542700,2015,2520
"1543300_1991",1543300,1991,885
"1543300_2001",1543300,2001,3766
"1543300_2008",1543300,2008,5803
"1543300_2015",1543300,2015,2975
"1544700_1990",1544700,1990,90
"1544800_1990",1544800,1990,997
"1544800_2000",1544800,2000,892
"1544800_2005",1544800,2005,282
"1545300_1987",1545300,1987,4458
"1545300_1990",1545300,1990,2405
"1545300_1996",1545300,1996,4028
"1545300_1999",1545300,1999,2738
"1545300_2007",1545300,2007,4360
"1545300_2013",1545300,2013,751
"1545600_1982",1545600,1982,10464
"1545600_1988",1545600,1988,6960
"1545600_1993",1545600,1993,9864
"1545600_1996",1545600,1996,5793
"1545600_1998",1545600,1998,5329
"1545600_2001",1545600,2001,8114
"1545600_2005",1545600,2005,6860
"1545600_2008",1545600,2008,6290
"1545600_2011",1545600,2011,8515
"1545600_2014",1545600,2014,8253
"1547700_1999",1547700,1999,454
"1547700_2006",1547700,2006,829
"1555500_2004",1555500,2004,92
"1555900_1982",1555900,1982,958
"1555900_2003",1555900,2003,2902
"1564200_1989",1564200,1989,4323
"1564200_1992",1564200,1992,2410
"1564200_2000",1564200,2000,2598
"1564200_2006",1564200,2006,2242
"1564200_2010",1564200,2010,3526
"1564200_2015",1564200,2015,4501
"1564400_2003",1564400,2003,108
"1569600_1995",1569600,1995,1144
"1569600_1999",1569600,1999,1981
"1569600_2007",1569600,2007,2120
"1569600_2010",1569600,2010,2127
"1569600_2015",1569600,2015,1490
"1569900_1995",1569900,1995,452
"1569900_1999",1569900,1999,517
"1569900_2005",1569900,2005,435
"1571100_1991",1571100,1991,1194
"1571100_2007",1571100,2007,3153
"1572000_1991",1572000,1991,1283
"1572000_2007",1572000,2007,1160
"1572200_1991",1572200,1991,403
"1572300_1991",1572300,1991,434
"1573800_1991",1573800,1991,1800
"1573800_2007",1573800,2007,822
"1575700_2002",1575700,2002,118
"1579700_1984",1579700,1984,2222
"1579700_1991",1579700,1991,2518
"1579700_2001",1579700,2001,2004
"1579700_2005",1579700,2005,426
"1579700_2011",1579700,2011,865
"1579700_2015",1579700,2015,1303
"1579900_1988",1579900,1988,21614
"1579900_1990",1579900,1990,10684
"1579900_1995",1579900,1995,4429
"1579900_1996",1579900,1996,7472
"1579900_1998",1579900,1998,10229
"1579900_2001",1579900,2001,10112
"1579900_2007",1579900,2007,10094
"1579900_2011",1579900,2011,8632
"1579900_2016",1579900,2016,18147
"1586600_2013",1586600,2013,489
"1586600_2015",1586600,2015,348
"1588200_1988",1588200,1988,1487
"1588200_1992",1588200,1992,2245
"1588200_1998",1588200,1998,1367
"1588200_2002",1588200,2002,2714
"1588200_2005",1588200,2005,2004
"1588200_2008",1588200,2008,1976
"1588200_2011",1588200,2011,995
"1588200_2014",1588200,2014,1989
"1589100_1988",1589100,1988,971
"1589100_2001",1589100,2001,1152
"1589100_2010",1589100,2010,1722
"1589100_2016",1589100,2016,2158
"1589300_1994",1589300,1994,355
"1589300_2009",1589300,2009,500
"1589600_1988",1589600,1988,277
"1589600_1998",1589600,1998,750
"1589600_2016",1589600,2016,247
"1590400_1989",1590400,1989,1017
"1590400_2008",1590400,2008,305
"1591100_1986",1591100,1986,5693
"1591100_1992",1591100,1992,3482
"1591100_1993",1591100,1993,5046
"1591100_1994",1591100,1994,4558
"1591100_1998",1591100,1998,4167
"1591100_2006",1591100,2006,8203
"1591100_2009",1591100,2009,3360
"1591100_2011",1591100,2011,4843
"1592400_1986",1592400,1986,1560
"1592400_1990",1592400,1990,2068
"1592400_1995",1592400,1995,3964
"1592400_2000",1592400,2000,3884
"1592400_2003",1592400,2003,5674
"1592400_2006",1592400,2006,4490
"1592400_2009",1592400,2009,4964
"1592400_2012",1592400,2012,3176
"1592400_2015",1592400,2015,2899
"1593100_1986",1593100,1986,4713
"1593100_1987",1593100,1987,3366
"1593100_1993",1593100,1993,7944
"1593100_1996",1593100,1996,4075
"1593100_1997",1593100,1997,5474
"1593100_2005",1593100,2005,4295
"1593100_2011",1593100,2011,4622
"1593100_2016",1593100,2016,2759
"1593400_1998",1593400,1998,470
"1593400_2011",1593400,2011,497
"1593800_1998",1593800,1998,304
"1595300_1990",1595300,1990,8745
"1595300_1998",1595300,1998,8114
"1595300_2012",1595300,2012,6768
"1595600_1994",1595600,1994,986
"1595600_2009",1595600,2009,376
"1595600_2011",1595600,2011,421
"1595800_1988",1595800,1988,807
"1595800_1998",1595800,1998,1254
"1595800_2006",1595800,2006,1411
"1596300_1989",1596300,1989,3187
"1596300_1992",1596300,1992,653
"1596300_1997",1596300,1997,2212
"1596300_2015",1596300,2015,2586
"1596900_1990",1596900,1990,2627
"1596900_1997",1596900,1997,2556
"1596900_2005",1596900,2005,2127
"1596900_2012",1596900,2012,1543
"1597000_1990",1597000,1990,1803
"1597000_1997",1597000,1997,1166
"1597000_2005",1597000,2005,2038
"1597000_2012",1597000,2012,728
"1597600_1990",1597600,1990,253
"1597600_1997",1597600,1997,50
"1598000_1990",1598000,1990,1060
"1598000_1997",1598000,1997,309
"1598900_1991",1598900,1991,885
"1598900_1992",1598900,1992,582
"1598900_2004",1598900,2004,566
"1599600_1993",1599600,1993,1278
"1599600_2000",1599600,2000,1918
"1599600_2013",1599600,2013,1337
"1599900_1993",1599900,1993,29
"1599900_2000",1599900,2000,295
"1600000_1993",1600000,1993,20
"1600000_2000",1600000,2000,60
"1600000_2013",1600000,2013,87
"1600100_1993",1600100,1993,183
"1600100_2000",1600100,2000,536
"1600100_2013",1600100,2013,779
"1600200_1993",1600200,1993,2259
"1600200_2000",1600200,2000,2855
"1600200_2013",1600200,2013,2118
"1600300_1993",1600300,1993,114
"1600300_2000",1600300,2000,18
"1601300_1993",1601300,1993,768
"1602300_1989",1602300,1989,1867
"1602300_1991",1602300,1991,2553
"1602300_2001",1602300,2001,6650
"1602300_2004",1602300,2004,2224
"1602300_2010",1602300,2010,5240
"1602300_2012",1602300,2012,6472
"1602600_1989",1602600,1989,1506
"1602600_1994",1602600,1994,2359
"1602600_2012",1602600,2012,953
"1603400_1993",1603400,1993,300
"1603700_1993",1603700,1993,2977
"1603700_2000",1603700,2000,3600
"1603700_2013",1603700,2013,5082
"1603800_1993",1603800,1993,2969
"1603800_2000",1603800,2000,7524
"1603800_2013",1603800,2013,5869
"1605200_1997",1605200,1997,158
"1605600_1995",1605600,1995,35
"1605800_1992",1605800,1992,2444
"1605800_1997",1605800,1997,1342
"1605800_2008",1605800,2008,647
"1609000_1994",1609000,1994,861
"1609000_2014",1609000,2014,2071
"1609100_1994",1609100,1994,2064
"1609100_2014",1609100,2014,2553
"1610400_1994",1610400,1994,126
"1610500_1994",1610500,1994,249
"1610600_1994",1610600,1994,2801
"1610600_2007",1610600,2007,895
"1610600_2014",1610600,2014,2574
"1610700_1994",1610700,1994,2499
"1610700_2007",1610700,2007,4040
"1610700_2014",1610700,2014,3039
"1610800_1994",1610800,1994,789
"1610800_2007",1610800,2007,276
"1610800_2014",1610800,2014,960
"1611700_1994",1611700,1994,1809
"1611700_2007",1611700,2007,1293
"1611700_2014",1611700,2014,1122
"1611800_1994",1611800,1994,1129
"1611800_2014",1611800,2014,700
"1612200_1994",1612200,1994,1513
"1612200_2007",1612200,2007,1400
"1612200_2014",1612200,2014,1084
"1612300_1994",1612300,1994,232
"1612300_2014",1612300,2014,234
"1612900_1994",1612900,1994,283
"1612900_2014",1612900,2014,286
"1613000_1994",1613000,1994,3072
"1613000_2014",1613000,2014,2213
"1613500_1994",1613500,1994,214
"1614300_1994",1614300,1994,268
"1618100_2006",1618100,2006,3274
"1618100_2015",1618100,2015,1167
"1619700_1994",1619700,1994,119
"1619700_2014",1619700,2014,216
"1621000_1990",1621000,1990,78
"1621000_2010",1621000,2010,138
"1621800_1990",1621800,1990,340
"1621800_2010",1621800,2010,230
"1623400_2003",1623400,2003,390
"1623800_1986",1623800,1986,5854
"1629500_1992",1629500,1992,2107
"1629500_2006",1629500,2006,3186
"1629500_2012",1629500,2012,2359
"1629500_2016",1629500,2016,3244
"1630100_1993",1630100,1993,689
"1630100_1999",1630100,1999,1965
"1630100_2008",1630100,2008,890
"1630100_2011",1630100,2011,507
"1631900_1990",1631900,1990,12635
"1631900_1991",1631900,1991,10312
"1631900_1996",1631900,1996,8201
"1631900_1997",1631900,1997,6233
"1631900_2000",1631900,2000,11968
"1631900_2006",1631900,2006,10505
"1631900_2009",1631900,2009,8404
"1631900_2012",1631900,2012,4962
"1631900_2016",1631900,2016,2340
"1835300_1989",1835300,1989,4719
"1835300_1991",1835300,1991,8014
"1835300_1996",1835300,1996,4631
"1835300_2005",1835300,2005,3265
"1835300_2011",1835300,2011,8235
"1835300_2013",1835300,2013,5396
"1835300_2016",1835300,2016,3634
"1844000_1978",1844000,1978,486
"1855900_1993",1855900,1993,192
"1875900_2013",1875900,2013,386
"1880700_1993",1880700,1993,722
"1880700_1994",1880700,1994,879
"1880700_1995",1880700,1995,800
"1880700_1996",1880700,1996,538
"1880700_1997",1880700,1997,536
"1880700_1998",1880700,1998,642
"1880700_1999",1880700,1999,671
"1880700_2000",1880700,2000,368
"1880700_2001",1880700,2001,301
"1880700_2002",1880700,2002,388
"1880700_2003",1880700,2003,580
"1880700_2005",1880700,2005,227
"1880700_2006",1880700,2006,299
"1880700_2007",1880700,2007,199
"1880700_2008",1880700,2008,543
"1880700_2009",1880700,2009,366
"1880700_2010",1880700,2010,515
"1880700_2011",1880700,2011,329
"1880700_2012",1880700,2012,233
"1880700_2013",1880700,2013,634
"1880700_2014",1880700,2014,352
"1880700_2015",1880700,2015,418
"1880700_2016",1880700,2016,272
"1881100_1992",1881100,1992,369
"1881100_2009",1881100,2009,588
"1881900_1991",1881900,1991,924
"1881900_1996",1881900,1996,399
"1881900_2006",1881900,2006,664
"1881900_2012",1881900,2012,285
"1884100_1983",1884100,1983,1144
"1884100_2010",1884100,2010,458
"2046500_2006",2046500,2006,762
"2046500_2011",2046500,2011,1402
"2046600_1993",2046600,1993,1275
"2046600_2016",2046600,2016,1063
"2079000_2008",2079000,2008,107
"2079700_1992",2079700,1992,1038
"2079700_1999",2079700,1999,379
"2079700_2004",2079700,2004,299
"2079800_1992",2079800,1992,1763
"2079800_1999",2079800,1999,1503
"2079800_2008",2079800,2008,391
"2079800_2011",2079800,2011,469
"2081200_1979",2081200,1979,1557
"2081200_1989",2081200,1989,1668
"2081200_1993",2081200,1993,690
"2081200_2006",2081200,2006,761
"2081200_2013",2081200,2013,419
"2094100_2001",2094100,2001,2724
"2094100_2012",2094100,2012,769
"2094300_2001",2094300,2001,1108
"2094300_2012",2094300,2012,229
"2094600_2012",2094600,2012,266
"2098000_2010",2098000,2010,104
"2100300_2009",2100300,2009,544
"2100300_2012",2100300,2012,493
"2100800_1994",2100800,1994,213
"2100800_2005",2100800,2005,605
"2103200_2010",2103200,2010,279
"2105100_1985",2105100,1985,1223
"2105100_1996",2105100,1996,2082
"2105100_2000",2105100,2000,1655
"2105100_2008",2105100,2008,661
"2105100_2014",2105100,2014,911
"2106800_1978",2106800,1978,7107
"2106800_1990",2106800,1990,7555
"2106800_1991",2106800,1991,5787
"2106800_1994",2106800,1994,10238
"2106800_1998",2106800,1998,4420
"2106800_2001",2106800,2001,4966
"2106800_2003",2106800,2003,3104
"2106800_2009",2106800,2009,6915
"2106800_2012",2106800,2012,5773
"2106800_2015",2106800,2015,8481
"2109600_1980",2109600,1980,8099
"2109600_1992",2109600,1992,4304
"2109600_2001",2109600,2001,3565
"2109600_2005",2109600,2005,3733
"2109600_2010",2109600,2010,4542
"2109600_2016",2109600,2016,7777
"2109800_1992",2109800,1992,104
"2109800_2005",2109800,2005,162
"2109800_2010",2109800,2010,207
"2109800_2016",2109800,2016,352
"2112800_1980",2112800,1980,1576
"2112800_1992",2112800,1992,3352
"2112800_2005",2112800,2005,1003
"2112800_2016",2112800,2016,552
"2113300_1997",2113300,1997,3336
"2113300_2005",2113300,2005,8654
"2113300_2010",2113300,2010,2833
"2113300_2015",2113300,2015,1828
"2125400_2000",2125400,2000,241
"2128100_2012",2128100,2012,3035
"2133200_2013",2133200,2013,5755
"2143900_2012",2143900,2012,189
"2152800_1996",2152800,1996,10484
"2152800_2006",2152800,2006,13017
"2152800_2011",2152800,2011,6437
"2152800_2015",2152800,2015,8389
"2166100_2000",2166100,2000,110
"2166100_2012",2166100,2012,62
"2169200_1983",2169200,1983,236
"2169200_2012",2169200,2012,92
"2242500_1994",2242500,1994,4554
"2242500_2000",2242500,2000,5197
"2242500_2003",2242500,2003,3363
"2265100_1994",2265100,1994,112
"2266100_2002",2266100,2002,57
"2267800_1972",2267800,1972,6545
"2267800_1977",2267800,1977,5480
"2267800_1978",2267800,1978,4301
"2267800_1988",2267800,1988,2610
"2267800_1991",2267800,1991,3070
"2267800_1998",2267800,1998,3658
"2267800_2005",2267800,2005,3522
"2267800_2012",2267800,2012,1639
"2268300_1972",2268300,1972,6355
"2268300_1977",2268300,1977,10226
"2268300_1978",2268300,1978,7843
"2268300_1988",2268300,1988,5398
"2268300_1991",2268300,1991,3132
"2268300_1998",2268300,1998,1908
"2268300_2005",2268300,2005,2321
"2268300_2012",2268300,2012,1267
"2268500_1991",2268500,1991,1680
"2268500_1998",2268500,1998,374
"2268500_2005",2268500,2005,254
"2268600_1991",2268600,1991,339
"2268600_1998",2268600,1998,87
"2271600_1990",2271600,1990,4205
"2271600_1991",2271600,1991,4639
"2271600_1992",2271600,1992,4488
"2271600_1993",2271600,1993,2654
"2271600_1994",2271600,1994,2948
"2271600_1995",2271600,1995,2975
"2271600_1996",2271600,1996,3129
"2271600_1997",2271600,1997,1159
"2271600_1998",2271600,1998,3401
"2271600_1999",2271600,1999,3303
"2271600_2000",2271600,2000,3005
"2271600_2001",2271600,2001,2751
"2271600_2002",2271600,2002,2239
"2271600_2003",2271600,2003,2878
"2271600_2004",2271600,2004,2401
"2271600_2005",2271600,2005,2309
"2271600_2006",2271600,2006,4256
"2271600_2007",2271600,2007,3947
"2271600_2008",2271600,2008,2817
"2271600_2009",2271600,2009,2608
"2271600_2010",2271600,2010,2585
"2271600_2011",2271600,2011,3065
"2271600_2012",2271600,2012,3809
"2271600_2013",2271600,2013,2397
"2271600_2014",2271600,2014,2750
"2271600_2015",2271600,2015,2099
"2271600_2016",2271600,2016,1779
"2272600_1991",2272600,1991,1988
"2272600_1992",2272600,1992,3684
"2272600_1995",2272600,1995,5948
"2272600_1996",2272600,1996,7683
"2272600_1999",2272600,1999,4248
"2272600_2006",2272600,2006,3964
"2272600_2016",2272600,2016,845
"2275100_1983",2275100,1983,1862
"2275100_1995",2275100,1995,2523
"2275100_2010",2275100,2010,1289
"2275100_2013",2275100,2013,1084
"2275300_1983",2275300,1983,2105
"2277200_2014",2277200,2014,1187
"2277600_2014",2277600,2014,973
"2283300_1973",2283300,1973,6621
"2283300_1987",2283300,1987,5614
"2283300_1990",2283300,1990,1999
"2283300_1996",2283300,1996,4165
"2283300_1998",2283300,1998,3577
"2283300_2003",2283300,2003,4075
"2283300_2009",2283300,2009,6084
"2283300_2014",2283300,2014,6630
"2287200_1990",2287200,1990,355
"2288900_1990",2288900,1990,838
"2290100_1990",2290100,1990,99
"2290500_1990",2290500,1990,126
"2294900_1975",2294900,1975,92693
"2294900_1989",2294900,1989,83619
"2294900_1992",2294900,1992,58938
"2294900_1997",2294900,1997,54771
"2294900_2009",2294900,2009,54208
"2294900_2016",2294900,2016,36855
"2295200_1975",2295200,1975,5343
"2295200_1989",2295200,1989,3985
"2295200_1992",2295200,1992,3920
"2295200_1997",2295200,1997,3495
"2295200_2009",2295200,2009,4437
"2295200_2016",2295200,2016,1818
"2296500_2006",2296500,2006,267
"2296500_2012",2296500,2012,109
"2303500_1994",2303500,1994,617
"2303500_1996",2303500,1996,622
"2303500_2001",2303500,2001,763
"2303500_2010",2303500,2010,589
"2303500_2015",2303500,2015,385
"2306300_1998",2306300,1998,943
"2306300_2007",2306300,2007,550
"2306300_2013",2306300,2013,473
"2307600_1995",2307600,1995,228
"2309700_1995",2309700,1995,263
"2309700_2013",2309700,2013,361
"2310200_1991",2310200,1991,453
"2310200_2010",2310200,2010,1345
"2310400_1991",2310400,1991,3394
"2310400_2010",2310400,2010,2970
"2311100_1990",2311100,1990,584
"2311100_1997",2311100,1997,478
"2311700_1991",2311700,1991,222
"2316100_1995",2316100,1995,306
"2316100_2003",2316100,2003,235
"2316100_2007",2316100,2007,204
"2316100_2011",2316100,2011,169
"2316600_1990",2316600,1990,1052
"2316600_2005",2316600,2005,374
"2316600_2015",2316600,2015,166
"2318500_2012",2318500,2012,322
"2327500_1993",2327500,1993,2450
"2327500_1999",2327500,1999,1867
"2327500_2004",2327500,2004,1994
"2328700_1990",2328700,1990,476
"2328700_1994",2328700,1994,1306
"2328700_1997",2328700,1997,819
"2328700_2004",2328700,2004,1187
"2328700_2012",2328700,2012,1031
"2328800_1993",2328800,1993,44
"2328800_1999",2328800,1999,241
"2328800_2004",2328800,2004,203
"2328900_1993",2328900,1993,23
"2328900_2004",2328900,2004,108
"2329000_1993",2329000,1993,1987
"2329000_1999",2329000,1999,1616
"2329000_2004",2329000,2004,1576
"2329300_1993",2329300,1993,810
"2329300_1999",2329300,1999,472
"2329300_2004",2329300,2004,397
"2329400_1993",2329400,1993,508
"2329400_1999",2329400,1999,1028
"2329400_2004",2329400,2004,480
"2329600_1993",2329600,1993,1050
"2329600_1999",2329600,1999,2662
"2329600_2004",2329600,2004,1664
"2329800_1993",2329800,1993,418
"2329800_1999",2329800,1999,250
"2329800_2004",2329800,2004,264
"2330800_2002",2330800,2002,504
"2331600_1988",2331600,1988,5714
"2331600_1994",2331600,1994,9673
"2331600_1997",2331600,1997,8156
"2331600_2000",2331600,2000,8994
"2331600_2001",2331600,2001,7788
"2331600_2003",2331600,2003,7392
"2331600_2004",2331600,2004,6520
"2331600_2007",2331600,2007,11905
"2331600_2010",2331600,2010,5759
"2331600_2013",2331600,2013,10016
"2331600_2016",2331600,2016,6127
"2332300_1986",2332300,1986,637
"2332300_1987",2332300,1987,588
"2332300_1991",2332300,1991,231
"2332300_1999",2332300,1999,1070
"2332300_2007",2332300,2007,2382
"2332300_2016",2332300,2016,3334
"2332400_1995",2332400,1995,419
"2332400_2010",2332400,2010,510
"2334300_1993",2334300,1993,616
"2334300_1999",2334300,1999,496
"2334300_2004",2334300,2004,232
"2334400_1993",2334400,1993,3591
"2334400_1999",2334400,1999,6683
"2334400_2004",2334400,2004,3500
"2334700_1990",2334700,1990,2857
"2334700_1995",2334700,1995,3361
"2334700_2001",2334700,2001,2631
"2334700_2006",2334700,2006,2428
"2334700_2013",2334700,2013,2927
"2335300_2016",2335300,2016,190
"2336100_1993",2336100,1993,784
"2336100_1994",2336100,1994,1174
"2336100_1995",2336100,1995,1893
"2336100_1996",2336100,1996,1382
"2336100_1997",2336100,1997,1971
"2336100_1998",2336100,1998,2602
"2336100_1999",2336100,1999,2245
"2336100_2000",2336100,2000,1773
"2336100_2001",2336100,2001,2115
"2336100_2002",2336100,2002,2907
"2336100_2003",2336100,2003,2236
"2336100_2004",2336100,2004,1697
"2336100_2005",2336100,2005,1531
"2336100_2006",2336100,2006,1320
"2336100_2007",2336100,2007,1633
"2336100_2008",2336100,2008,2492
"2336100_2010",2336100,2010,1613
"2336800_2016",2336800,2016,719
"2338300_1990",2338300,1990,1629
"2338300_1995",2338300,1995,2282
"2338300_1999",2338300,1999,2796
"2338300_2006",2338300,2006,2255
"2338300_2013",2338300,2013,2028
"2338800_1993",2338800,1993,2921
"2338800_1994",2338800,1994,4141
"2338800_1995",2338800,1995,5156
"2338800_1996",2338800,1996,4922
"2338800_1997",2338800,1997,4371
"2338800_1998",2338800,1998,4425
"2338800_1999",2338800,1999,4844
"2338800_2000",2338800,2000,2239
"2338800_2001",2338800,2001,1571
"2338800_2002",2338800,2002,1113
"2338800_2003",2338800,2003,1318
"2338800_2004",2338800,2004,1277
"2338800_2005",2338800,2005,701
"2338800_2006",2338800,2006,1301
"2338800_2007",2338800,2007,1724
"2338800_2008",2338800,2008,1898
"2338800_2009",2338800,2009,1758
"2338800_2010",2338800,2010,940
"2339100_1989",2339100,1989,1755
"2339100_1992",2339100,1992,2409
"2339100_2005",2339100,2005,1030
"2339100_2016",2339100,2016,1027
"2339800_1994",2339800,1994,1100
"2339800_1995",2339800,1995,910
"2339800_2005",2339800,2005,725
"2339900_1953",2339900,1953,6534
"2339900_1954",2339900,1954,5049
"2339900_1955",2339900,1955,4960
"2339900_1956",2339900,1956,3297
"2339900_1957",2339900,1957,5584
"2339900_1958",2339900,1958,5762
"2339900_1959",2339900,1959,4990
"2339900_1960",2339900,1960,3267
"2339900_1961",2339900,1961,3445
"2339900_1962",2339900,1962,4752
"2339900_1963",2339900,1963,1693
"2339900_1964",2339900,1964,1515
"2339900_1965",2339900,1965,2732
"2339900_1966",2339900,1966,3089
"2339900_1967",2339900,1967,6237
"2339900_1968",2339900,1968,4128
"2339900_1969",2339900,1969,4247
"2339900_1970",2339900,1970,2822
"2339900_1972",2339900,1972,4247
"2339900_1974",2339900,1974,3564
"2339900_1977",2339900,1977,8613
"2339900_1979",2339900,1979,5049
"2339900_1980",2339900,1980,7565
"2339900_1981",2339900,1981,3030
"2339900_1982",2339900,1982,5287
"2339900_1983",2339900,1983,3650
"2339900_1984",2339900,1984,7588
"2339900_1985",2339900,1985,4950
"2339900_1986",2339900,1986,6187
"2339900_1987",2339900,1987,5120
"2339900_1988",2339900,1988,4553
"2339900_1989",2339900,1989,9087
"2339900_1990",2339900,1990,5115
"2339900_1991",2339900,1991,4069
"2339900_1992",2339900,1992,2284
"2339900_1993",2339900,1993,4498
"2339900_1994",2339900,1994,3566
"2339900_1995",2339900,1995,1179
"2339900_1996",2339900,1996,1002
"2339900_1997",2339900,1997,2864
"2339900_1998",2339900,1998,2493
"2339900_1999",2339900,1999,1455
"2339900_2000",2339900,2000,1518
"2339900_2001",2339900,2001,1804
"2339900_2002",2339900,2002,1088
"2339900_2003",2339900,2003,847
"2339900_2004",2339900,2004,835
"2339900_2005",2339900,2005,1756
"2339900_2006",2339900,2006,2191
"2339900_2007",2339900,2007,3244
"2339900_2008",2339900,2008,2335
"2339900_2009",2339900,2009,2313
"2339900_2010",2339900,2010,2581
"2339900_2011",2339900,2011,3767
"2339900_2012",2339900,2012,1742
"2339900_2013",2339900,2013,2359
"2339900_2014",2339900,2014,2903
"2339900_2015",2339900,2015,2968
"2339900_2016",2339900,2016,1895
"2340500_1991",2340500,1991,315
"2340500_2001",2340500,2001,1194
"2340500_2011",2340500,2011,165
"2340700_1989",2340700,1989,1123
"2340700_1991",2340700,1991,2613
"2340700_2001",2340700,2001,5213
"2340700_2011",2340700,2011,2004
"2340900_1991",2340900,1991,126
"2343200_1991",2343200,1991,865
"2343200_1993",2343200,1993,1853
"2343200_2009",2343200,2009,730
"2344000_1991",2344000,1991,2514
"2344000_1993",2344000,1993,2810
"2344000_2005",2344000,2005,1507
"2344000_2009",2344000,2009,1148
"2350200_1995",2350200,1995,948
"2350400_1995",2350400,1995,70
"2350500_1995",2350500,1995,1771
"2350600_1995",2350600,1995,46
"2351400_1994",2351400,1994,4909
"2351400_1995",2351400,1995,6541
"2351400_2000",2351400,2000,5397
"2351400_2005",2351400,2005,3444
"2351400_2008",2351400,2008,7083
"2351400_2012",2351400,2012,3030
"2351400_2016",2351400,2016,3545
"2353600_1981",2353600,1981,128
"2353600_2002",2353600,2002,249
"2355300_2000",2355300,2000,1329
"2359700_2003",2359700,2003,413
"2382300_2010",2382300,2010,126
"2382300_2016",2382300,2016,428
"2390800_1976",2390800,1976,4118
"2390800_1988",2390800,1988,17994
"2390800_1991",2390800,1991,6587
"2390800_1996",2390800,1996,10026
"2390800_1998",2390800,1998,8547
"2390800_2001",2390800,2001,7526
"2390800_2010",2390800,2010,5611
"2390800_2016",2390800,2016,7230
"2391200_1986",2391200,1986,11365
"2391200_1987",2391200,1987,9032
"2391200_1994",2391200,1994,3847
"2391200_2000",2391200,2000,3682
"2391200_2003",2391200,2003,6655
"2391200_2006",2391200,2006,3500
"2391200_2009",2391200,2009,5891
"2391200_2012",2391200,2012,4439
"2391200_2015",2391200,2015,7383
"2392000_1974",2392000,1974,1100
"2392000_1987",2392000,1987,1946
"2392000_1993",2392000,1993,1613
"2392000_2002",2392000,2002,1244
"2393200_1981",2393200,1981,9002
"2393200_1987",2393200,1987,7826
"2393200_1991",2393200,1991,2755
"2393200_2000",2393200,2000,1391
"2393200_2007",2393200,2007,2639
"2393200_2012",2393200,2012,7850
"2393500_1980",2393500,1980,6446
"2393500_1987",2393500,1987,9850
"2393500_1991",2393500,1991,5517
"2393500_1997",2393500,1997,4617
"2393500_2010",2393500,2010,1752
"2393500_2015",2393500,2015,1162
"2395100_1993",2395100,1993,169
"2395500_2010",2395500,2010,73
"2395600_1987",2395600,1987,7222
"2395600_1989",2395600,1989,10130
"2395600_1991",2395600,1991,9618
"2395600_1998",2395600,1998,6399
"2395600_2003",2395600,2003,4039
"2395600_2010",2395600,2010,2541
"2395600_2015",2395600,2015,3672
"2396800_2000",2396800,2000,794
"2396800_2012",2396800,2012,249
"2399700_1990",2399700,1990,80202
"2399700_1999",2399700,1999,82070
"2399700_2011",2399700,2011,46982
"2406500_2012",2406500,2012,371
"2417000_1978",2417000,1978,4920
"2417000_1990",2417000,1990,4645
"2417000_1991",2417000,1991,5143
"2417000_2000",2417000,2000,7622
"2417000_2004",2417000,2004,5521
"2417000_2010",2417000,2010,3572
"2417000_2016",2417000,2016,1092
"2418600_1978",2418600,1978,3730
"2418600_1990",2418600,1990,792
"2418600_1991",2418600,1991,528
"2418600_2000",2418600,2000,563
"2418600_2004",2418600,2004,698
"2420600_1995",2420600,1995,4674
"2423000_2005",2423000,2005,451
"2423000_2015",2423000,2015,790
"2429300_2001",2429300,2001,177
"2429300_2013",2429300,2013,136
"2435000_2004",2435000,2004,923
"2435700_2002",2435700,2002,2971
"2435700_2008",2435700,2008,2123
"2436400_2004",2436400,2004,42
"2436500_2004",2436500,2004,180
"2451900_1979",2451900,1979,1090
"2451900_1993",2451900,1993,1104
"2451900_1995",2451900,1995,2294
"2451900_1996",2451900,1996,2013
"2451900_1997",2451900,1997,2142
"2451900_1998",2451900,1998,911
"2451900_1999",2451900,1999,775
"2451900_2000",2451900,2000,993
"2451900_2001",2451900,2001,865
"2451900_2002",2451900,2002,702
"2451900_2003",2451900,2003,609
"2451900_2004",2451900,2004,1104
"2451900_2005",2451900,2005,987
"2451900_2006",2451900,2006,722
"2451900_2007",2451900,2007,625
"2451900_2008",2451900,2008,653
"2451900_2009",2451900,2009,719
"2451900_2010",2451900,2010,734
"2451900_2011",2451900,2011,649
"2451900_2012",2451900,2012,754
"2451900_2013",2451900,2013,1268
"2451900_2014",2451900,2014,1302
"2451900_2015",2451900,2015,909
"2451900_2016",2451900,2016,453
"2452300_1978",2452300,1978,475
"2452400_1995",2452400,1995,358
"2461100_1995",2461100,1995,996
"2461100_2000",2461100,2000,631
"2461100_2013",2461100,2013,347
"2469800_1981",2469800,1981,989
"2469800_1992",2469800,1992,227
"2469800_1995",2469800,1995,391
"2469800_2013",2469800,2013,136
"2470000_1982",2470000,1982,155
"2470000_2014",2470000,2014,27
"2481600_1994",2481600,1994,84
"2485700_2004",2485700,2004,71
"2485700_2015",2485700,2015,82
"2490500_1989",2490500,1989,704
"2490500_1995",2490500,1995,633
"2490500_2004",2490500,2004,350
"2490500_2015",2490500,2015,197
"2491100_1997",2491100,1997,100
"2492100_1994",2492100,1994,121
"2495100_1988",2495100,1988,768
"2495100_1993",2495100,1993,835
"2495100_2000",2495100,2000,697
"2495100_2006",2495100,2006,307
"2495100_2014",2495100,2014,308
"2496300_1977",2496300,1977,11610
"2496300_1991",2496300,1991,3900
"2496300_1992",2496300,1992,4128
"2496300_1994",2496300,1994,2704
"2496300_1999",2496300,1999,2092
"2496300_2009",2496300,2009,4948
"2496300_2013",2496300,2013,1490
"2496900_1989",2496900,1989,264
"2498600_1993",2498600,1993,245
"2615100_1992",2615100,1992,694
"2615100_1994",2615100,1994,643
"2615100_2004",2615100,2004,2261
"2615100_2009",2615100,2009,5838
"2615100_2013",2615100,2013,3768
"2615100_2016",2615100,2016,3485
"2618000_1987",2618000,1987,2579
"2618000_1993",2618000,1993,1507
"2618000_2007",2618000,2007,1575
"2618100_1993",2618100,1993,26
"2620600_1987",2620600,1987,3845
"2620600_1988",2620600,1988,7102
"2620600_1989",2620600,1989,7020
"2620600_1994",2620600,1994,3399
"2620600_1998",2620600,1998,3081
"2620600_2002",2620600,2002,3000
"2620600_2005",2620600,2005,1738
"2620600_2008",2620600,2008,1956
"2620600_2011",2620600,2011,1528
"2620600_2014",2620600,2014,713
"2621100_1988",2621100,1988,1033
"2621100_1991",2621100,1991,963
"2621100_1997",2621100,1997,609
"2621100_2001",2621100,2001,717
"2621100_2006",2621100,2006,318
"2621100_2012",2621100,2012,270
"2624600_1989",2624600,1989,2315
"2624600_1994",2624600,1994,1035
"2624600_2007",2624600,2007,169
"2627400_1989",2627400,1989,3782
"2627400_1991",2627400,1991,2012
"2627400_1997",2627400,1997,3796
"2627400_2007",2627400,2007,1417
"2627400_2012",2627400,2012,1090
"2630700_1980",2630700,1980,373
"2641000_1989",2641000,1989,2378
"2641000_1990",2641000,1990,1772
"2641000_1997",2641000,1997,340
"2641000_2003",2641000,2003,388
"2641000_2011",2641000,2011,1048
"2654500_1991",2654500,1991,616
"2654500_1997",2654500,1997,743
"2661100_1992",2661100,1992,332
"2661100_1993",2661100,1993,542
"2661100_1999",2661100,1999,723
"2661100_2012",2661100,2012,55
"2674100_1994",2674100,1994,40
"2675200_1986",2675200,1986,8290
"2675200_1992",2675200,1992,9222
"2675200_1996",2675200,1996,8348
"2675200_1997",2675200,1997,4725
"2675200_2008",2675200,2008,10464
"2675200_2014",2675200,2014,6987
"2676800_2009",2676800,2009,37
"2678100_1994",2678100,1994,153
"2678100_1997",2678100,1997,420
"2678100_2004",2678100,2004,245
"2678100_2007",2678100,2007,207
"2678100_2010",2678100,2010,275
"2678100_2013",2678100,2013,98
"2678100_2016",2678100,2016,111
"2691500_1984",2691500,1984,1390
"2691500_1992",2691500,1992,598
"2691500_1993",2691500,1993,538
"2691500_1998",2691500,1998,1447
"2692900_1988",2692900,1988,12797
"2692900_1989",2692900,1989,7107
"2692900_2005",2692900,2005,10954
"2693700_1988",2693700,1988,685
"2693700_2008",2693700,2008,521
"2694000_1988",2694000,1988,1617
"2694000_1991",2694000,1991,1968
"2694000_2001",2694000,2001,974
"2694000_2005",2694000,2005,880
"2694000_2009",2694000,2009,2618
"2694000_2014",2694000,2014,2512
"2695800_1992",2695800,1992,312
"2695800_2005",2695800,2005,144
"2704200_1984",2704200,1984,55316
"2704200_1992",2704200,1992,36394
"2704200_1995",2704200,1995,5150
"2704200_1996",2704200,1996,9138
"2704200_1998",2704200,1998,11925
"2704200_2002",2704200,2002,4803
"2704200_2008",2704200,2008,1411
"2704200_2014",2704200,2014,3390
"2706500_1990",2706500,1990,1110
"2706500_1999",2706500,1999,813
"2706500_2003",2706500,2003,587
"2706800_1981",2706800,1981,4381
"2706800_1987",2706800,1987,2777
"2706800_1990",2706800,1990,3880
"2706800_1996",2706800,1996,2327
"2706800_2007",2706800,2007,1096
"2706800_2012",2706800,2012,609
"2710800_1992",2710800,1992,270
"2710800_2014",2710800,2014,31
"2726100_1993",2726100,1993,621
"2726100_2002",2726100,2002,145
"2732600_1976",2732600,1976,12038
"2732600_1989",2732600,1989,19630
"2732600_1993",2732600,1993,16214
"2732600_2000",2732600,2000,14216
"2732600_2002",2732600,2002,16450
"2732600_2011",2732600,2011,12902
"2734000_2015",2734000,2015,156
"2734200_1993",2734200,1993,216
"2741600_1983",2741600,1983,3206
"2741600_1991",2741600,1991,1752
"2741600_1993",2741600,1993,3006
"2741600_1995",2741600,1995,2036
"2741600_2001",2741600,2001,3821
"2741600_2007",2741600,2007,1994
"2741600_2011",2741600,2011,1714
"2741600_2016",2741600,2016,461
"2742100_1983",2742100,1983,2518
"2742100_1991",2742100,1991,4185
"2742100_1993",2742100,1993,4577
"2742100_1996",2742100,1996,5258
"2742100_1998",2742100,1998,4099
"2742100_2004",2742100,2004,4128
"2742100_2007",2742100,2007,5925
"2742100_2010",2742100,2010,2081
"2742100_2013",2742100,2013,2169
"2742100_2016",2742100,2016,852
"2742500_1989",2742500,1989,682
"2742500_1998",2742500,1998,494
"2742500_2004",2742500,2004,432
"2742500_2007",2742500,2007,575
"2742500_2010",2742500,2010,378
"2742500_2013",2742500,2013,419
"2742500_2016",2742500,2016,231
"2742700_1983",2742700,1983,2034
"2742700_1991",2742700,1991,2383
"2742700_1993",2742700,1993,2415
"2742700_1999",2742700,1999,1688
"2742700_2004",2742700,2004,2015
"2742700_2011",2742700,2011,558
"2747300_1984",2747300,1984,2052
"2747300_1992",2747300,1992,2933
"2747300_1997",2747300,1997,2467
"2747300_2009",2747300,2009,2570
"2747300_2015",2747300,2015,1585
"2756200_1990",2756200,1990,110
"2762200_1990",2762200,1990,1136
"2762200_2003",2762200,2003,1644
"2762200_2006",2762200,2006,2486
"2762200_2013",2762200,2013,1513
"2767100_1995",2767100,1995,181
"2856400_1992",2856400,1992,1764
"2856400_1996",2856400,1996,454
"2858100_1991",2858100,1991,1188
"2858100_1999",2858100,1999,1769
"2858100_2006",2858100,2006,1239
"2858100_2014",2858100,2014,106
"2858300_1982",2858300,1982,859
"2858300_1991",2858300,1991,1115
"2865000_1986",2865000,1986,1374
"2865000_1992",2865000,1992,3115
"2865000_1994",2865000,1994,2362
"2865000_1997",2865000,1997,1609
"2865000_1998",2865000,1998,1525
"2865000_2005",2865000,2005,1149
"2865000_2014",2865000,2014,1212
"2866200_1995",2866200,1995,611
"2866200_2000",2866200,2000,762
"2882300_1995",2882300,1995,905
"2882300_1996",2882300,1996,1274
"2882300_1997",2882300,1997,1443
"2882300_1998",2882300,1998,3569
"2882300_1999",2882300,1999,1574
"2882300_2000",2882300,2000,2195
"2882300_2001",2882300,2001,2108
"2882300_2002",2882300,2002,1842
"2882300_2003",2882300,2003,964
"2882300_2004",2882300,2004,897
"2882300_2005",2882300,2005,699
"2882300_2006",2882300,2006,988
"2882300_2007",2882300,2007,818
"2882300_2008",2882300,2008,856
"2882300_2009",2882300,2009,1034
"2882300_2010",2882300,2010,583
"2882300_2011",2882300,2011,387
"2882300_2012",2882300,2012,991
"2882300_2013",2882300,2013,886
"2882300_2014",2882300,2014,1620
"2882300_2015",2882300,2015,1995
"2882300_2016",2882300,2016,991
"2897100_1990",2897100,1990,779
"2897100_1996",2897100,1996,1112
"2897100_2003",2897100,2003,595
"2897100_2006",2897100,2006,391
"2897100_2012",2897100,2012,158
"2897100_2015",2897100,2015,435
"2897300_1996",2897300,1996,185
"2897300_2003",2897300,2003,264
"2897300_2006",2897300,2006,203
"2897300_2009",2897300,2009,278
"2897300_2012",2897300,2012,59
"2899200_1987",2899200,1987,168
"2899200_1995",2899200,1995,184
"2899200_2009",2899200,2009,107
"2899400_1989",2899400,1989,155
"2899400_1998",2899400,1998,95
"2900200_1988",2900200,1988,3312
"2900200_1994",2900200,1994,2050
"2900200_1999",2900200,1999,2399
"2900200_2001",2900200,2001,2454
"2900200_2003",2900200,2003,1532
"2900200_2007",2900200,2007,1495
"2900200_2013",2900200,2013,1140
"2902700_1991",2902700,1991,4752
"2902700_2001",2902700,2001,4272
"2902700_2010",2902700,2010,1451
"2902700_2016",2902700,2016,714
"2902800_2001",2902800,2001,29
"2902800_2010",2902800,2010,9
"2902900_1985",2902900,1985,76
"2902900_1991",2902900,1991,47
"2902900_2001",2902900,2001,172
"2902900_2010",2902900,2010,54
"2903100_1985",2903100,1985,691
"2903200_1985",2903200,1985,1426
"2903700_1985",2903700,1985,1722
"2903800_1985",2903800,1985,110
"2914800_1993",2914800,1993,392
"2914800_2011",2914800,2011,187
"2916900_2006",2916900,2006,904
"2917200_2003",2917200,2003,109
"2936200_1993",2936200,1993,238
"2936200_2007",2936200,2007,386
"2942300_1993",2942300,1993,6092
"2942300_2003",2942300,2003,8787
"2949200_1990",2949200,1990,1236
"2949200_1992",2949200,1992,2196
"2949200_1998",2949200,1998,1412
"2949200_2002",2949200,2002,1555
"2949200_2005",2949200,2005,1738
"2949200_2008",2949200,2008,2752
"2949200_2011",2949200,2011,2490
"2949200_2014",2949200,2014,2064
"2953100_2000",2953100,2000,1280
"2953100_2010",2953100,2010,1913
"2953100_2016",2953100,2016,1014
"2953500_1993",2953500,1993,1825
"2953500_2000",2953500,2000,2599
"2953500_2002",2953500,2002,2602
"2953500_2012",2953500,2012,1757
"2953800_1995",2953800,1995,362
"2953800_1996",2953800,1996,308
"2953800_1997",2953800,1997,814
"2953800_1999",2953800,1999,990
"2953800_2002",2953800,2002,950
"2953800_2003",2953800,2003,304
"2953800_2007",2953800,2007,467
"2953800_2009",2953800,2009,455
"2953800_2011",2953800,2011,622
"2953800_2013",2953800,2013,1272
"2953800_2015",2953800,2015,1273
"2954500_1991",2954500,1991,892
"2954500_1992",2954500,1992,1214
"2954500_1994",2954500,1994,473
"2954500_1998",2954500,1998,595
"2954500_2010",2954500,2010,822
"2954500_2016",2954500,2016,468
"2954800_1994",2954800,1994,2320
"2954800_2008",2954800,2008,2238
"2954800_2014",2954800,2014,2646
"2958500_1989",2958500,1989,1660
"2958500_1992",2958500,1992,1318
"2958500_1997",2958500,1997,1913
"2958500_2006",2958500,2006,1220
"2958500_2013",2958500,2013,6060
"2962400_1992",2962400,1992,9978
"2962400_1995",2962400,1995,2719
"2962400_2007",2962400,2007,3385
"2962400_2009",2962400,2009,3528
"2962400_2015",2962400,2015,1985
"2962900_1992",2962900,1992,412
"2962900_2009",2962900,2009,509
"2963200_2013",2963200,2013,888
"2963800_1991",2963800,1991,11428
"2963800_1999",2963800,1999,4480
"2963800_2008",2963800,2008,10562
"2963800_2014",2963800,2014,7814
"2964000_2015",2964000,2015,2191
"2964100_1999",2964100,1999,1591
"2964100_2008",2964100,2008,4439
"2964100_2014",2964100,2014,4093
